time,shaftAngle
2715970954,3970
2716004564,3965
2716029489,3960
2716048346,3955
2716064701,3950
2716078324,3945
2716091867,3940
2716103900,3935
2716115525,3930
2716126606,3925
2716135551,3920
2716144194,3915
2716153408,3910
2716162034,3905
2716170848,3900
2716178999,3895
2716186921,3890
2716194297,3885
2716201907,3880
2716209031,3875
2716216059,3870
2716222677,3865
2716229571,3860
2716236163,3855
2716242565,3850
2716248739,3845
2716254918,3840
2716261062,3835
2716267064,3830
2716272745,3825
2716278525,3820
2716284176,3815
2716289911,3810
2716295413,3805
2716300924,3800
2716306310,3795
2716311553,3790
2716316609,3785
2716321807,3780
2716326926,3775
2716331990,3770
2716336957,3765
2716341889,3760
2716346782,3755
2716351581,3750
2716356279,3745
2716361122,3740
2716365837,3735
2716370455,3730
2716374978,3725
2716379594,3720
2716384178,3715
2716388662,3710
2716393048,3705
2716397533,3700
2716402026,3695
2716406377,3690
2716410587,3685
2716414892,3680
2716419118,3675
2716423380,3670
2716427453,3665
2716431715,3660
2716435807,3655
2716439934,3650
2716443875,3645
2716448047,3640
2716451963,3635
2716456044,3630
2716459895,3625
2716464068,3620
2716467981,3615
2716471975,3610
2716475738,3605
2716479775,3600
2716483555,3595
2716487415,3590
2716491087,3585
2716495037,3580
2716498860,3575
2716502810,3570
2716506795,3565
2716510209,3560
2716513630,3555
2716517445,3550
2716521163,3545
2716525068,3540
2716528802,3535
2716532528,3530
2716536113,3525
2716539883,3520
2716543482,3515
2716547119,3510
2716550615,3505
2716554297,3500
2716557943,3495
2716561489,3490
2716564938,3485
2716568490,3480
2716572087,3475
2716575590,3470
2716578994,3465
2716582497,3460
2716585965,3455
2716589467,3450
2716592917,3445
2716596421,3440
2716599841,3435
2716603211,3430
2716606526,3425
2716609940,3420
2716613318,3415
2716616686,3410
2716620003,3405
2716623328,3400
2716626660,3395
2716629939,3390
2716633210,3385
2716636580,3380
2716639868,3375
2716643150,3370
2716646332,3365
2716649610,3360
2716652898,3355
2716656134,3350
2716659271,3345
2716662551,3340
2716665841,3335
2716669031,3330
2716672124,3325
2716675360,3320
2716678470,3315
2716681705,3310
2716684753,3305
2716687944,3300
2716691055,3295
2716694199,3290
2716697202,3285
2716700396,3280
2716703414,3275
2716706560,3270
2716709563,3265
2716712799,3260
2716715864,3255
2716718965,3250
2716721879,3245
2716725070,3240
2716728090,3235
2716731148,3230
2716734018,3225
2716737119,3220
2716740184,3215
2716743375,3210
2716746555,3205
2716749303,3200
2716752053,3195
2716755109,3190
2716758114,3185
2716761260,3180
2716764325,3175
2716767382,3170
2716770296,3165
2716773352,3160
2716776329,3155
2716779297,3150
2716782167,3145
2716785224,3140
2716788244,3135
2716791211,3130
2716794081,3125
2716797048,3120
2716799981,3115
2716802949,3110
2716805817,3105
2716808740,3100
2716811673,3095
2716814638,3090
2716817508,3085
2716820475,3080
2716823407,3075
2716826241,3070
2716829065,3065
2716831943,3060
2716834831,3055
2716837753,3050
2716840578,3045
2716843457,3040
2716846301,3035
2716849134,3030
2716851958,3025
2716854883,3020
2716857725,3015
2716860558,3010
2716863338,3005
2716866171,3000
2716869059,2995
2716871847,2990
2716874629,2985
2716877506,2980
2716880349,2975
2716883139,2970
2716885874,2965
2716888707,2960
2716891460,2955
2716894293,2950
2716897029,2945
2716899818,2940
2716902573,2935
2716905405,2930
2716908052,2925
2716910931,2920
2716913594,2915
2716916427,2910
2716919073,2905
2716921953,2900
2716924704,2895
2716927492,2890
2716930139,2885
2716932973,2880
2716935681,2875
2716938424,2870
2716941026,2865
2716943860,2860
2716946613,2855
2716949490,2850
2716952405,2845
2716954882,2840
2716957367,2835
2716960201,2830
2716962891,2825
2716965814,2820
2716968568,2815
2716971355,2810
2716974003,2805
2716976837,2800
2716979546,2795
2716982288,2790
2716984937,2785
2716987770,2780
2716990522,2775
2716993221,2770
2716995914,2765
2716998612,2760
2717001367,2755
2717004109,2750
2717006755,2745
2717009501,2740
2717012208,2735
2717014952,2730
2717017645,2725
2717020387,2720
2717023096,2715
2717025795,2710
2717028397,2705
2717031143,2700
2717033851,2695
2717036551,2690
2717039196,2685
2717041896,2680
2717044605,2675
2717047260,2670
2717049906,2665
2717052651,2660
2717055359,2655
2717058013,2650
2717060660,2645
2717063360,2640
2717066068,2635
2717068722,2630
2717071369,2625
2717074069,2620
2717076822,2615
2717079476,2610
2717082078,2605
2717084734,2600
2717087442,2595
2717090096,2590
2717092699,2585
2717095398,2580
2717098064,2575
2717100761,2570
2717103318,2565
2717106019,2560
2717108593,2555
2717111293,2550
2717113898,2545
2717116637,2540
2717119301,2535
2717122003,2530
2717124558,2525
2717127304,2520
2717129921,2515
2717132576,2510
2717135089,2505
2717137834,2500
2717140499,2495
2717143287,2490
2717146113,2485
2717148497,2480
2717150940,2475
2717153684,2470
2717156331,2465
2717159162,2460
2717161873,2455
2717164571,2450
2717167173,2445
2717169918,2440
2717172581,2435
2717175279,2430
2717177882,2425
2717180626,2420
2717183335,2415
2717185990,2410
2717188591,2405
2717191292,2400
2717194001,2395
2717196699,2390
2717199257,2385
2717201958,2380
2717204621,2375
2717207320,2370
2717210013,2365
2717212713,2360
2717215375,2355
2717218031,2350
2717220632,2345
2717223287,2340
2717225999,2335
2717228652,2330
2717231297,2325
2717233954,2320
2717236617,2315
2717239271,2310
2717241919,2305
2717244618,2300
2717247327,2295
2717249982,2290
2717252590,2285
2717255284,2280
2717257993,2275
2717260649,2270
2717263252,2265
2717265995,2260
2717268748,2255
2717271403,2250
2717274005,2245
2717276705,2240
2717279370,2235
2717282069,2230
2717284671,2225
2717287372,2220
2717290035,2215
2717292734,2210
2717295336,2205
2717298083,2200
2717300701,2195
2717303400,2190
2717306002,2185
2717308835,2180
2717311500,2175
2717314243,2170
2717316800,2165
2717319591,2160
2717322254,2155
2717324997,2150
2717327511,2145
2717330345,2140
2717333052,2135
2717335885,2130
2717338756,2125
2717341233,2120
2717343721,2115
2717346507,2110
2717349199,2105
2717352077,2100
2717354875,2095
2717357666,2090
2717360312,2085
2717363144,2080
2717365898,2075
2717368641,2070
2717371289,2065
2717374121,2060
2717376920,2055
2717379664,2050
2717382355,2045
2717385146,2040
2717387899,2035
2717390685,2030
2717393377,2025
2717396122,2020
2717398875,2015
2717401709,2010
2717404445,2005
2717407233,2000
2717410031,1995
2717412777,1990
2717415466,1985
2717418256,1980
2717421010,1975
2717423799,1970
2717426533,1965
2717429324,1960
2717432076,1955
2717434822,1950
2717437556,1945
2717440393,1940
2717443188,1935
2717445931,1930
2717448668,1925
2717451502,1920
2717454299,1915
2717457043,1910
2717459778,1905
2717462614,1900
2717465501,1895
2717468244,1890
2717470980,1885
2717473770,1880
2717476522,1875
2717479357,1870
2717482048,1865
2717484882,1860
2717487680,1855
2717490511,1850
2717493158,1845
2717496083,1840
2717498745,1835
2717501623,1830
2717504315,1825
2717507237,1820
2717510035,1815
2717512913,1810
2717515604,1805
2717518482,1800
2717521285,1795
2717524116,1790
2717526761,1785
2717529684,1780
2717532526,1775
2717535493,1770
2717538497,1765
2717541063,1760
2717543683,1755
2717546605,1750
2717549386,1745
2717552399,1740
2717555285,1735
2717558207,1730
2717560990,1725
2717563911,1720
2717566799,1715
2717569677,1710
2717572457,1705
2717575424,1700
2717578311,1695
2717581188,1690
2717583968,1685
2717586891,1680
2717589778,1675
2717592701,1670
2717595482,1665
2717598404,1660
2717601246,1655
2717604213,1650
2717607084,1645
2717610007,1640
2717612893,1635
2717615771,1630
2717618597,1625
2717621475,1620
2717624407,1615
2717627284,1610
2717630154,1605
2717633034,1600
2717635965,1595
2717638797,1590
2717641667,1585
2717644634,1580
2717647566,1575
2717650446,1570
2717653315,1565
2717656237,1560
2717659171,1555
2717662046,1550
2717664916,1545
2717667883,1540
2717670861,1535
2717673782,1530
2717676608,1525
2717679530,1520
2717682462,1515
2717685429,1510
2717688254,1505
2717691221,1500
2717694109,1495
2717697078,1490
2717699857,1485
2717702869,1480
2717705711,1475
2717708724,1470
2717711550,1465
2717714605,1460
2717717539,1455
2717720505,1450
2717723330,1445
2717726389,1440
2717729319,1435
2717732241,1430
2717735022,1425
2717738123,1420
2717741100,1415
2717744202,1410
2717747338,1405
2717750038,1400
2717752747,1395
2717755803,1390
2717758761,1385
2717761909,1380
2717764929,1375
2717767984,1370
2717770899,1365
2717774001,1360
2717776979,1355
2717780033,1350
2717782947,1345
2717786048,1340
2717789071,1335
2717792083,1330
2717795043,1325
2717798098,1320
2717801120,1315
2717804175,1310
2717807092,1305
2717810147,1300
2717813168,1295
2717816271,1290
2717819275,1285
2717822330,1280
2717825395,1275
2717828363,1270
2717831321,1265
2717834423,1260
2717837445,1255
2717840500,1250
2717843504,1245
2717846561,1240
2717849583,1235
2717852594,1230
2717855644,1225
2717858744,1220
2717861809,1215
2717864821,1210
2717867825,1205
2717870927,1200
2717873994,1195
2717877050,1190
2717880053,1185
2717883156,1180
2717886309,1175
2717889366,1170
2717892369,1165
2717895431,1160
2717898492,1155
2717901594,1150
2717904596,1145
2717907699,1140
2717910764,1135
2717913865,1130
2717916825,1125
2717920015,1120
2717922993,1115
2717926137,1110
2717929098,1105
2717932377,1100
2717935441,1095
2717938544,1090
2717941547,1085
2717944738,1080
2717947802,1075
2717950948,1070
2717953863,1065
2717957097,1060
2717960253,1055
2717963532,1050
2717966803,1045
2717969683,1040
2717972524,1035
2717975758,1030
2717978897,1025
2717982175,1020
2717985375,1015
2717988609,1010
2717991703,1005
2717994941,1000
2717998093,995
2718001329,990
2718004377,985
2718007659,980
2718010857,975
2718014047,970
2718017139,965
2718020331,960
2718023575,955
2718026764,950
2718029857,945
2718033093,940
2718036291,935
2718039526,930
2718042708,925
2718045946,920
2718049188,915
2718052332,910
2718055470,905
2718058707,900
2718061904,895
2718065140,890
2718068321,885
2718071512,880
2718074756,875
2718077947,870
2718081128,865
2718084407,860
2718087651,855
2718090841,850
2718094023,845
2718097303,840
2718100547,835
2718103782,830
2718106965,825
2718110246,820
2718113577,815
2718116812,810
2718119950,805
2718123230,800
2718126475,795
2718129753,790
2718132891,785
2718136216,780
2718139459,775
2718142740,770
2718145877,765
2718149246,760
2718152401,755
2718155725,750
2718158908,745
2718162368,740
2718165611,735
2718168936,730
2718172118,725
2718175532,720
2718178776,715
2718182100,710
2718185238,705
2718188652,700
2718192029,695
2718195489,690
2718199027,685
2718202083,680
2718205150,675
2718208608,670
2718211969,665
2718215516,660
2718218985,655
2718222397,650
2718225758,645
2718229261,640
2718232639,635
2718236053,630
2718239368,625
2718242916,620
2718246385,615
2718249797,610
2718253115,605
2718256573,600
2718260040,595
2718263541,590
2718266858,585
2718270316,580
2718273739,575
2718277242,570
2718280692,565
2718284195,560
2718287662,555
2718291076,550
2718294436,545
2718297941,540
2718301406,535
2718304866,530
2718308319,525
2718311774,520
2718315242,515
2718318655,510
2718322104,505
2718325651,500
2718329165,495
2718332621,490
2718336027,485
2718339575,480
2718343087,475
2718346545,470
2718349997,465
2718353544,460
2718357145,455
2718360602,450
2718364053,445
2718367565,440
2718371022,435
2718374614,430
2718378019,425
2718381569,420
2718385080,415
2718388626,410
2718391987,405
2718395623,400
2718399047,395
2718402643,390
2718406043,385
2718409769,380
2718413281,375
2718416874,370
2718420279,365
2718423960,360
2718427472,355
2718431019,350
2718434425,345
2718438106,340
2718441706,335
2718445432,330
2718449239,325
2718452519,320
2718455806,315
2718459443,310
2718463026,305
2718466843,300
2718470532,295
2718474213,290
2718477751,285
2718481478,280
2718485122,275
2718488758,270
2718492298,265
2718496069,260
2718499714,255
2718503394,250
2718506979,245
2718510615,240
2718514349,235
2718518030,230
2718521570,225
2718525296,220
2718528941,215
2718532712,210
2718536385,205
2718540110,200
2718543800,195
2718547481,190
2718551064,185
2718554790,180
2718558525,175
2718562249,170
2718565925,165
2718569649,160
2718573340,155
2718577065,150
2718580738,145
2718584554,140
2718588288,135
2718592015,130
2718595690,125
2718599505,120
2718603281,115
2718607008,110
2718610725,105
2718614585,100
2718618454,95
2718622224,90
2718625897,85
2718629667,80
2718633447,75
2718637307,70
2718640980,65
2718644840,60
2718648575,55
2718652435,50
2718656108,45
2718660058,40
2718663750,35
2718667607,30
2718671325,25
2718675320,20
2718679142,15
2718683048,10
2718686719,5
2718690713,0
2718694536,-5
2718698396,-10
2718702069,-15
2718706063,-20
2718709977,-25
2718714060,-30
2718718134,-35
2718721684,-40
2718725285,-45
2718729277,-50
2718733173,-55
2718737301,-60
2718741304,-65
2718745297,-70
2718749148,-75
2718753231,-80
2718757190,-85
2718761138,-90
2718764990,-95
2718769073,-100
2718773120,-105
2718777113,-110
2718780966,-115
2718785004,-120
2718789007,-125
2718793045,-130
2718796941,-135
2718800980,-140
2718804983,-145
2718809065,-150
2718813095,-155
2718817134,-160
2718821224,-165
2718825218,-170
2718829159,-175
2718833242,-180
2718837289,-185
2718841371,-190
2718845401,-195
2718849439,-200
2718853531,-205
2718857569,-210
2718861599,-215
2718865770,-220
2718869907,-225
2718873946,-230
2718877974,-235
2718882148,-240
2718886327,-245
2718890411,-250
2718894484,-255
2718898701,-260
2718902926,-265
2718907054,-270
2718911128,-275
2718915300,-280
2718919437,-285
2718923654,-290
2718927728,-295
2718931944,-300
2718936125,-305
2718940385,-310
2718944417,-315
2718948767,-320
2718952860,-325
2718957163,-330
2718961238,-335
2718965722,-340
2718969947,-345
2718974298,-350
2718978372,-355
2718982812,-360
2718987038,-365
2718991388,-370
2718995463,-375
2718999947,-380
2719004307,-385
2719008882,-390
2719013490,-395
2719017440,-400
2719021493,-405
2719026016,-410
2719030406,-415
2719035066,-420
2719039561,-425
2719044134,-430
2719048477,-435
2719053095,-440
2719057634,-445
2719062162,-450
2719066551,-455
2719071256,-460
2719075839,-465
2719080414,-470
2719084889,-475
2719089553,-480
2719094224,-485
2719098887,-490
2719103408,-495
2719108116,-500
2719112787,-505
2719117586,-510
2719122327,-515
2719127125,-520
2719131885,-525
2719136593,-530
2719141296,-535
2719146134,-540
2719150984,-545
2719155871,-550
2719160704,-555
2719165589,-560
2719170489,-565
2719175415,-570
2719180338,-575
2719185402,-580
2719190431,-585
2719195451,-590
2719200418,-595
2719205527,-600
2719210734,-605
2719215799,-610
2719220900,-615
2719226232,-620
2719231573,-625
2719236861,-630
2719242007,-635
2719247384,-640
2719252725,-645
2719258192,-650
2719263470,-655
2719269028,-660
2719274501,-665
2719280145,-670
2719285561,-675
2719291382,-680
2719296857,-685
2719302726,-690
2719308362,-695
2719314497,-700
2719320374,-705
2719326421,-710
2719332236,-715
2719338595,-720
2719344694,-725
2719351008,-730
2719357002,-735
2719363673,-740
2719370221,-745
2719377113,-750
2719384268,-755
2719390447,-760
2719396770,-765
2719404022,-770
2719411130,-775
2719418827,-780
2719426399,-785
2719434143,-790
2719441830,-795
2719450063,-800
2719458261,-805
2719466760,-810
2719475210,-815
2719484513,-820
2719493872,-825
2719503620,-830
2719513496,-835
2719524184,-840
2719535460,-845
2719547483,-850
2719559903,-855
2719573849,-860
2719589049,-865
2719606652,-870
2719627106,-875
2719653545,-880
2719702477,-885
2719800752,-880
2719828489,-875
2719850633,-870
2719868818,-865
2719885001,-860
2719899037,-855
2719912037,-850
2719924063,-845
2719935785,-840
2719946426,-835
2719956615,-830
2719966232,-825
2719975855,-820
2719984937,-815
2719993519,-810
2720001751,-805
2720010038,-800
2720018004,-795
2720025650,-790
2720033123,-785
2720040695,-780
2720048124,-775
2720055278,-770
2720062573,-765
2720068941,-760
2720074807,-755
2720081381,-750
2720087918,-745
2720094375,-740
2720100687,-735
2720106593,-730
2720112505,-725
2720118471,-720
2720124429,-715
2720130110,-710
2720135756,-705
2720141496,-700
2720147185,-695
2720152644,-690
2720158064,-685
2720163405,-680
2720168783,-675
2720173972,-670
2720179127,-665
2720184380,-660
2720189446,-655
2720194500,-650
2720199520,-645
2720204594,-640
2720209480,-635
2720214359,-630
2720219158,-625
2720224186,-620
2720229029,-615
2720233820,-610
2720238435,-605
2720243286,-600
2720247948,-595
2720252603,-590
2720257087,-585
2720261803,-580
2720266333,-575
2720270900,-570
2720275294,-565
2720279831,-560
2720284182,-555
2720288659,-550
2720292965,-545
2720297412,-540
2720301676,-535
2720305973,-530
2720310100,-525
2720314504,-520
2720318676,-515
2720322975,-510
2720327148,-505
2720331417,-500
2720335458,-495
2720339532,-490
2720343614,-485
2720347795,-480
2720351790,-475
2720355774,-470
2720359723,-465
2720363860,-460
2720367853,-455
2720371751,-450
2720375608,-445
2720379566,-440
2720383472,-435
2720387322,-430
2720391138,-425
2720395094,-420
2720399044,-415
2720402896,-410
2720406889,-405
2720410447,-400
2720413771,-395
2720417533,-390
2720421303,-385
2720425082,-380
2720428810,-375
2720432349,-370
2720435942,-365
2720439585,-360
2720443266,-355
2720446807,-350
2720450353,-345
2720453999,-340
2720457681,-335
2720461221,-330
2720464768,-325
2720468235,-320
2720471782,-315
2720475278,-310
2720478736,-305
2720482292,-300
2720485705,-295
2720489156,-290
2720492614,-285
2720496126,-280
2720499541,-275
2720502944,-270
2720506312,-265
2720509869,-260
2720513283,-255
2720516734,-250
2720520056,-245
2720523569,-240
2720526937,-235
2720530298,-230
2720533577,-225
2720537088,-220
2720540413,-215
2720543818,-210
2720547055,-205
2720550475,-200
2720553756,-195
2720557115,-190
2720560352,-185
2720563773,-180
2720567009,-175
2720570281,-170
2720573471,-165
2720576893,-160
2720580086,-155
2720583444,-150
2720586679,-145
2720590014,-140
2720593203,-135
2720596430,-130
2720599621,-125
2720602954,-120
2720606145,-115
2720609326,-110
2720612518,-105
2720615851,-100
2720619043,-95
2720622179,-90
2720625324,-85
2720628570,-80
2720631760,-75
2720634896,-70
2720638043,-65
2720641286,-60
2720644522,-55
2720647749,-50
2720651073,-45
2720654004,-40
2720656749,-35
2720659930,-30
2720663076,-25
2720666232,-20
2720669376,-15
2720672337,-10
2720675348,-5
2720678457,0
2720681559,5
2720684562,10
2720687573,15
2720690728,20
2720693829,25
2720696832,30
2720699889,35
2720702864,40
2720705923,45
2720708925,50
2720711892,55
2720714958,60
2720717975,65
2720720929,70
2720723940,75
2720727005,80
2720729975,85
2720732976,90
2720735900,95
2720739055,100
2720742020,105
2720745069,110
2720747947,115
2720751058,120
2720754024,125
2720757073,130
2720759951,135
2720763060,140
2720766028,145
2720769075,150
2720771952,155
2720775019,160
2720777940,165
2720780987,170
2720783911,175
2720786976,180
2720789898,185
2720792903,190
2720795779,195
2720798845,200
2720801812,205
2720804860,210
2720807828,215
2720810892,220
2720813817,225
2720816774,230
2720819741,235
2720822806,240
2720825774,245
2720828734,250
2720831655,255
2720834721,260
2720837734,265
2720840691,270
2720843614,275
2720846635,280
2720849648,285
2720852606,290
2720855572,295
2720858638,300
2720861739,305
2720864743,310
2720867889,315
2720870685,320
2720873297,325
2720876344,330
2720879312,335
2720882376,340
2720885346,345
2720888214,350
2720891093,355
2720894111,360
2720897080,365
2720899994,370
2720902917,375
2720905893,380
2720908950,385
2720911864,390
2720914788,395
2720917717,400
2720920683,405
2720923598,410
2720926522,415
2720929541,420
2720932466,425
2720935423,430
2720938345,435
2720941366,440
2720944289,445
2720947247,450
2720950172,455
2720953280,460
2720956249,465
2720959252,470
2720962174,475
2720965240,480
2720968208,485
2720971211,490
2720974134,495
2720977245,500
2720980211,505
2720983259,510
2720986184,515
2720989292,520
2720992216,525
2720995265,530
2720998231,535
2721001341,540
2721004353,545
2721007358,550
2721010279,555
2721013435,560
2721016401,565
2721019538,570
2721022595,575
2721025706,580
2721028672,585
2721031723,590
2721034732,595
2721037887,600
2721040899,605
2721043948,610
2721047004,615
2721050159,620
2721053261,625
2721056309,630
2721059321,635
2721062430,640
2721065532,645
2721068627,650
2721071681,655
2721074880,660
2721078073,665
2721081210,670
2721084444,675
2721087374,680
2721090079,685
2721093213,690
2721096358,695
2721099512,700
2721102614,705
2721105618,710
2721108629,715
2721111739,720
2721114887,725
2721117891,730
2721120946,735
2721124099,740
2721127246,745
2721130338,750
2721133397,755
2721136462,760
2721139608,765
2721142655,770
2721145713,775
2721148865,780
2721151967,785
2721155015,790
2721158116,795
2721161315,800
2721164373,805
2721167509,810
2721170521,815
2721173810,820
2721176955,825
2721180092,830
2721183150,835
2721186438,840
2721189538,845
2721192721,850
2721195777,855
2721199019,860
2721202210,865
2721205393,870
2721208493,875
2721211735,880
2721214837,885
2721218063,890
2721221164,895
2721224453,900
2721227598,905
2721230780,910
2721233882,915
2721237169,920
2721240360,925
2721243631,930
2721246821,935
2721250109,940
2721253300,945
2721256481,950
2721259673,955
2721263011,960
2721266197,965
2721269423,970
2721272614,975
2721275951,980
2721279228,985
2721282408,990
2721285600,995
2721288933,1000
2721292211,1005
2721295438,1010
2721298673,1015
2721302051,1020
2721305376,1025
2721308736,1030
2721312149,1035
2721315258,1040
2721318137,1045
2721321453,1050
2721324733,1055
2721328109,1060
2721331392,1065
2721334529,1070
2721337718,1075
2721341005,1080
2721344332,1085
2721347513,1090
2721350792,1095
2721354080,1100
2721357449,1105
2721360675,1110
2721363955,1115
2721367198,1120
2721370523,1125
2721373705,1130
2721376984,1135
2721380317,1140
2721383597,1145
2721386868,1150
2721390103,1155
2721393483,1160
2721396763,1165
2721400033,1170
2721403269,1175
2721406734,1180
2721410061,1185
2721413421,1190
2721416655,1195
2721420079,1200
2721423402,1205
2721426762,1210
2721429998,1215
2721433465,1220
2721436835,1225
2721440195,1230
2721443474,1235
2721446941,1240
2721450221,1245
2721453671,1250
2721456951,1255
2721460417,1260
2721463787,1265
2721467147,1270
2721470427,1275
2721473938,1280
2721477308,1285
2721480757,1290
2721484170,1295
2721487682,1300
2721491052,1305
2721494411,1310
2721497827,1315
2721501336,1320
2721504752,1325
2721508156,1330
2721511570,1335
2721515126,1340
2721518585,1345
2721521991,1350
2721525403,1355
2721528915,1360
2721532374,1365
2721535779,1370
2721539239,1375
2721542840,1380
2721546387,1385
2721549926,1390
2721553607,1395
2721556850,1400
2721559909,1405
2721563447,1410
2721566951,1415
2721570506,1420
2721574009,1425
2721577370,1430
2721580786,1435
2721584295,1440
2721587798,1445
2721591204,1450
2721594662,1455
2721598173,1460
2721601765,1465
2721605172,1470
2721608674,1475
2721612140,1480
2721615644,1485
2721619094,1490
2721622552,1495
2721626107,1500
2721629567,1505
2721633062,1510
2721636564,1515
2721640165,1520
2721643623,1525
2721647119,1530
2721650577,1535
2721654266,1540
2721657813,1545
2721661396,1550
2721664855,1555
2721668499,1560
2721672047,1565
2721675632,1570
2721679135,1575
2721682823,1580
2721686371,1585
2721690001,1590
2721693502,1595
2721697191,1600
2721700695,1605
2721704367,1610
2721707916,1615
2721711648,1620
2721715198,1625
2721718825,1630
2721722327,1635
2721726063,1640
2721729655,1645
2721733371,1650
2721737053,1655
2721740786,1660
2721744378,1665
2721748007,1670
2721751643,1675
2721755424,1680
2721759061,1685
2721762732,1690
2721766369,1695
2721770147,1700
2721773875,1705
2721777546,1710
2721781182,1715
2721784962,1720
2721788687,1725
2721792359,1730
2721796040,1735
2721799908,1740
2721803723,1745
2721807530,1750
2721811435,1755
2721814989,1760
2721818225,1765
2721822031,1770
2721825803,1775
2721829626,1780
2721833397,1785
2721836980,1790
2721840617,1795
2721844396,1800
2721848167,1805
2721851840,1810
2721855521,1815
2721859345,1820
2721863159,1825
2721866876,1830
2721870601,1835
2721874335,1840
2721878106,1845
2721881823,1850
2721885549,1855
2721889374,1860
2721893098,1865
2721896864,1870
2721900587,1875
2721904454,1880
2721908181,1885
2721911987,1890
2721915668,1895
2721919669,1900
2721923486,1905
2721927292,1910
2721931018,1915
2721935020,1920
2721938791,1925
2721942642,1930
2721946413,1935
2721950370,1940
2721954232,1945
2721958127,1950
2721961897,1955
2721965854,1960
2721969670,1965
2721973566,1970
2721977426,1975
2721981429,1980
2721985243,1985
2721989142,1990
2721992914,1995
2721996957,2000
2722000864,2005
2722004848,2010
2722008799,2015
2722012799,2020
2722016706,2025
2722020601,2030
2722024551,2035
2722028598,2040
2722032546,2045
2722036488,2050
2722040392,2055
2722044528,2060
2722048523,2065
2722052462,2070
2722056412,2075
2722060460,2080
2722064499,2085
2722068483,2090
2722072477,2095
2722076613,2100
2722080742,2105
2722084816,2110
2722089125,2115
2722092902,2120
2722096449,2125
2722100525,2130
2722104606,2135
2722108742,2140
2722112827,2145
2722116677,2150
2722120671,2155
2722124718,2160
2722128800,2165
2722132742,2170
2722136780,2175
2722140871,2180
2722145044,2185
2722149027,2190
2722153111,2195
2722157113,2200
2722161196,2205
2722165226,2210
2722169264,2215
2722173400,2220
2722177439,2225
2722181514,2230
2722185552,2235
2722189778,2240
2722193816,2245
2722197935,2250
2722201929,2255
2722206244,2260
2722210417,2265
2722214580,2270
2722218619,2275
2722222933,2280
2722227062,2285
2722231226,2290
2722235310,2295
2722239623,2300
2722243795,2305
2722248048,2310
2722252132,2315
2722256445,2320
2722260617,2325
2722264872,2330
2722269044,2335
2722273401,2340
2722277574,2345
2722281828,2350
2722285954,2355
2722290313,2360
2722294575,2365
2722298962,2370
2722303223,2375
2722307625,2380
2722311843,2385
2722316097,2390
2722320403,2395
2722324849,2400
2722329110,2405
2722333408,2410
2722337714,2415
2722342208,2420
2722346558,2425
2722350898,2430
2722355161,2435
2722359607,2440
2722364004,2445
2722368347,2450
2722372740,2455
2722377278,2460
2722381765,2465
2722386281,2470
2722390943,2475
2722395080,2480
2722398939,2485
2722403414,2490
2722407900,2495
2722412392,2500
2722416876,2505
2722421128,2510
2722425480,2515
2722429927,2520
2722434411,2525
2722438753,2530
2722443148,2535
2722447688,2540
2722452261,2545
2722456647,2550
2722461131,2555
2722465535,2560
2722470064,2565
2722474495,2570
2722478980,2575
2722483517,2580
2722488003,2585
2722492522,2590
2722497051,2595
2722501676,2600
2722506159,2605
2722510770,2610
2722515253,2615
2722520057,2620
2722524677,2625
2722529374,2630
2722533905,2635
2722538709,2640
2722543370,2645
2722548072,2650
2722552688,2655
2722557537,2660
2722562289,2665
2722567078,2670
2722571740,2675
2722576634,2680
2722581345,2685
2722586219,2690
2722590971,2695
2722595955,2700
2722600795,2705
2722605671,2710
2722610380,2715
2722615453,2720
2722620339,2725
2722625393,2730
2722630369,2735
2722635442,2740
2722640373,2745
2722645384,2750
2722650359,2755
2722655611,2760
2722660629,2765
2722665685,2770
2722670749,2775
2722676000,2780
2722681244,2785
2722686390,2790
2722691497,2795
2722696792,2800
2722702080,2805
2722707268,2810
2722712556,2815
2722718031,2820
2722723541,2825
2722729043,2830
2722734733,2835
2722739806,2840
2722744602,2845
2722750151,2850
2722755706,2855
2722761357,2860
2722767001,2865
2722772371,2870
2722777882,2875
2722783577,2880
2722789355,2885
2722794947,2890
2722800681,2895
2722806601,2900
2722812605,2905
2722818463,2910
2722824421,2915
2722830387,2920
2722836522,2925
2722842561,2930
2722848740,2935
2722855106,2940
2722861421,2945
2722867860,2950
2722874353,2955
2722881120,2960
2722887746,2965
2722894632,2970
2722901438,2975
2722908875,2980
2722916170,2985
2722923638,2990
2722931021,2995
2722939038,3000
2722946915,3005
2722955095,3010
2722963282,3015
2722972191,3020
2722981093,3025
2722990478,3030
2722999781,3035
2723010030,3040
2723020315,3045
2723031527,3050
2723043062,3055
2723055942,3060
2723069394,3065
2723084491,3070
2723101068,3075
2723122201,3080
2723149709,3085
2723284080,3080
2723304903,3075
2723321879,3070
2723336530,3065
2723350117,3060
2723362507,3055
2723373997,3050
2723384631,3045
2723394828,3040
2723404407,3035
2723413531,3030
2723422291,3025
2723430882,3020
2723439077,3015
2723446909,3010
2723454418,3005
2723461938,3000
2723469197,2995
2723476133,2990
2723482886,2985
2723489691,2980
2723496369,2975
2723502725,2970
2723508810,2965
2723514943,2960
2723520954,2955
2723526912,2950
2723532547,2945
2723538282,2940
2723543846,2935
2723549400,2930
2723554634,2925
2723560147,2920
2723565220,2915
2723570551,2910
2723575519,2905
2723580806,2900
2723585790,2895
2723590810,2890
2723595509,2885
2723600528,2880
2723605245,2875
2723609951,2870
2723614429,2865
2723619225,2860
2723623852,2855
2723628606,2850
2723633391,2845
2723637430,2840
2723641521,2835
2723646005,2830
2723650348,2825
2723654923,2820
2723659236,2815
2723663587,2810
2723667705,2805
2723672056,2800
2723676194,2795
2723680366,2790
2723684307,2785
2723688522,2780
2723692615,2775
2723696607,2770
2723700504,2765
2723704497,2760
2723708500,2755
2723712449,2750
2723716211,2745
2723720073,2740
2723723895,2735
2723727754,2730
2723731564,2725
2723735333,2720
2723739112,2715
2723742749,2710
2723746377,2705
2723750019,2700
2723753703,2695
2723757340,2690
2723760881,2685
2723764427,2680
2723767984,2675
2723771488,2670
2723774980,2665
2723778528,2660
2723782039,2655
2723785453,2650
2723788813,2645
2723792273,2640
2723795738,2635
2723799107,2630
2723802378,2625
2723805791,2620
2723809215,2615
2723812493,2610
2723815720,2605
2723818999,2600
2723822289,2595
2723825567,2590
2723828705,2585
2723831940,2580
2723835139,2575
2723838329,2570
2723841422,2565
2723844656,2560
2723847723,2555
2723850912,2550
2723853916,2545
2723857196,2540
2723860262,2535
2723863407,2530
2723866366,2525
2723869512,2520
2723872533,2515
2723875588,2510
2723878505,2505
2723881649,2500
2723884669,2495
2723887859,2490
2723890996,2485
2723893740,2480
2723896493,2475
2723899550,2470
2723902509,2465
2723905655,2460
2723908631,2455
2723911642,2450
2723914512,2445
2723917569,2440
2723920503,2435
2723923424,2430
2723926248,2425
2723929260,2420
2723932192,2415
2723935069,2410
2723937894,2405
2723940818,2400
2723943705,2395
2723946583,2390
2723949363,2385
2723952196,2380
2723955039,2375
2723957918,2370
2723960744,2365
2723963575,2360
2723966420,2355
2723969163,2350
2723971852,2345
2723974687,2340
2723977439,2335
2723980229,2330
2723982963,2325
2723985709,2320
2723988417,2315
2723991160,2310
2723993851,2305
2723996595,2300
2723999348,2295
2724002004,2290
2724004649,2285
2724007350,2280
2724010102,2275
2724012756,2270
2724015359,2265
2724018058,2260
2724020810,2255
2724023421,2250
2724026023,2245
2724028678,2240
2724031298,2235
2724033952,2230
2724036465,2225
2724039121,2220
2724041695,2215
2724044349,2210
2724046817,2205
2724049518,2200
2724052003,2195
2724054656,2190
2724057124,2185
2724059823,2180
2724062399,2175
2724064963,2170
2724067432,2165
2724070086,2160
2724072572,2155
2724075139,2150
2724077561,2145
2724080174,2140
2724082746,2135
2724085402,2130
2724088047,2125
2724090346,2120
2724092653,2115
2724095262,2110
2724097775,2105
2724100431,2100
2724102962,2095
2724105526,2090
2724107949,2085
2724110560,2080
2724113044,2075
2724115566,2070
2724117989,2065
2724120555,2060
2724123085,2055
2724125560,2050
2724127985,2045
2724130461,2040
2724132991,2035
2724135468,2030
2724137847,2025
2724140324,2020
2724142765,2015
2724145285,2010
2724147753,2005
2724150187,2000
2724152672,1995
2724155057,1990
2724157436,1985
2724159868,1980
2724162310,1975
2724164740,1970
2724167166,1965
2724169552,1960
2724171993,1955
2724174380,1950
2724176713,1945
2724179189,1940
2724181586,1935
2724183973,1930
2724186308,1925
2724188739,1920
2724191135,1915
2724193478,1910
2724195812,1905
2724198244,1900
2724200684,1895
2724203029,1890
2724205318,1885
2724207659,1880
2724210012,1875
2724212398,1870
2724214687,1865
2724217036,1860
2724219385,1855
2724221726,1850
2724223970,1845
2724226357,1840
2724228621,1835
2724231006,1830
2724233251,1825
2724235683,1820
2724237989,1815
2724240333,1810
2724242532,1805
2724244920,1800
2724247228,1795
2724249526,1790
2724251724,1785
2724254112,1780
2724256420,1775
2724258851,1770
2724261273,1765
2724263393,1760
2724265477,1755
2724267864,1750
2724270155,1745
2724272541,1740
2724274892,1735
2724277235,1730
2724279480,1725
2724281867,1720
2724284129,1715
2724286471,1710
2724288671,1705
2724291015,1700
2724293366,1695
2724295618,1690
2724297863,1685
2724300162,1680
2724302470,1675
2724304767,1670
2724306973,1665
2724309265,1660
2724311527,1655
2724313870,1650
2724316114,1645
2724318415,1640
2724320720,1635
2724322930,1630
2724325129,1625
2724327428,1620
2724329690,1615
2724331942,1610
2724334190,1605
2724336442,1600
2724338705,1595
2724340912,1590
2724343157,1585
2724345410,1580
2724347717,1575
2724349925,1570
2724352126,1565
2724354380,1560
2724356642,1555
2724358852,1550
2724361052,1545
2724363349,1540
2724365612,1535
2724367865,1530
2724370021,1525
2724372230,1520
2724374492,1515
2724376751,1510
2724378857,1505
2724381111,1500
2724383328,1495
2724385581,1490
2724387694,1485
2724389991,1480
2724392118,1475
2724394417,1470
2724396530,1465
2724398871,1460
2724401044,1455
2724403296,1450
2724405409,1445
2724407705,1440
2724409878,1435
2724412088,1430
2724414200,1425
2724416499,1420
2724418714,1415
2724421011,1410
2724423390,1405
2724425380,1400
2724427417,1395
2724429669,1390
2724431869,1385
2724434213,1380
2724436474,1375
2724438727,1370
2724440928,1365
2724443182,1360
2724445402,1355
2724447653,1350
2724449810,1345
2724452107,1340
2724454325,1335
2724456577,1330
2724458734,1325
2724460942,1320
2724463205,1315
2724465457,1310
2724467569,1305
2724469823,1300
2724472041,1295
2724474294,1290
2724476494,1285
2724478749,1280
2724480966,1275
2724483129,1270
2724485285,1265
2724487540,1260
2724489757,1255
2724491965,1250
2724494122,1245
2724496377,1240
2724498550,1235
2724500756,1230
2724502956,1225
2724505165,1220
2724507384,1215
2724509591,1210
2724511747,1205
2724513957,1200
2724516220,1195
2724518384,1190
2724520584,1185
2724522792,1180
2724525054,1175
2724527262,1170
2724529374,1165
2724531582,1160
2724533801,1155
2724536010,1150
2724538165,1145
2724540373,1140
2724542546,1135
2724544800,1130
2724546910,1125
2724549164,1120
2724551293,1115
2724553500,1110
2724555656,1105
2724557954,1100
2724560128,1095
2724562380,1090
2724564493,1085
2724566745,1080
2724568919,1075
2724571127,1070
2724573239,1065
2724575537,1060
2724577754,1055
2724580051,1050
2724582385,1045
2724584416,1040
2724586455,1035
2724588753,1030
2724590953,1025
2724593300,1020
2724595604,1015
2724597857,1010
2724600058,1005
2724602355,1000
2724604617,995
2724606870,990
2724609071,985
2724611414,980
2724613721,975
2724616021,970
2724618222,965
2724620517,960
2724622826,955
2724625167,950
2724627368,945
2724629710,940
2724632017,935
2724634360,930
2724636650,925
2724639038,920
2724641345,915
2724643642,910
2724645932,905
2724648275,900
2724650626,895
2724652968,890
2724655305,885
2724657646,880
2724659998,875
2724662341,870
2724664674,865
2724667062,860
2724669460,855
2724671803,850
2724674093,845
2724676522,840
2724678921,835
2724681263,830
2724683596,825
2724686030,820
2724688469,815
2724690856,810
2724693190,805
2724695578,800
2724697975,795
2724700360,790
2724702696,785
2724705129,780
2724707526,775
2724709956,770
2724712249,765
2724714723,760
2724717073,755
2724719505,750
2724721839,745
2724724362,740
2724726757,735
2724729235,730
2724731524,725
2724734045,720
2724736441,715
2724738874,710
2724741163,705
2724743683,700
2724746127,695
2724748692,690
2724751293,685
2724753502,680
2724755764,675
2724758240,670
2724760708,665
2724763274,660
2724765804,655
2724768326,650
2724770706,645
2724773270,640
2724775712,635
2724778231,630
2724780610,625
2724783178,620
2724785662,615
2724788140,610
2724790563,605
2724793084,600
2724795614,595
2724798090,590
2724800514,585
2724803036,580
2724805520,575
2724808041,570
2724810511,565
2724813032,560
2724815562,555
2724818038,550
2724820463,545
2724822982,540
2724825468,535
2724827990,530
2724830457,525
2724832979,520
2724835464,515
2724837940,510
2724840410,505
2724842976,500
2724845504,495
2724847980,490
2724850449,485
2724852970,480
2724855545,475
2724858020,470
2724860490,465
2724863056,460
2724865629,455
2724868106,450
2724870575,445
2724873095,440
2724875580,435
2724878146,430
2724880571,425
2724883137,420
2724885623,415
2724888188,410
2724890610,405
2724893223,400
2724895664,395
2724898227,390
2724900650,385
2724903306,380
2724905838,375
2724908401,370
2724910825,365
2724913435,360
2724915965,355
2724918492,350
2724920909,345
2724923520,340
2724926095,335
2724928749,330
2724931441,325
2724933785,320
2724936092,315
2724938747,310
2724941258,305
2724944005,300
2724946577,295
2724949188,290
2724951700,285
2724954356,280
2724956932,275
2724959543,270
2724962054,265
2724964710,260
2724967329,255
2724969895,250
2724972408,245
2724975017,240
2724977638,235
2724980246,230
2724982759,225
2724985371,220
2724987945,215
2724990599,210
2724993203,205
2724995814,200
2724998431,195
2725000998,190
2725003509,185
2725006165,180
2725008739,175
2725011349,170
2725013951,165
2725016518,160
2725019137,155
2725021746,150
2725024303,145
2725026960,140
2725029578,135
2725032188,130
2725034746,125
2725037357,120
2725040020,115
2725042586,110
2725045187,105
2725047842,100
2725050506,95
2725053116,90
2725055674,85
2725058284,80
2725060903,75
2725063558,70
2725066070,65
2725068726,60
2725071345,55
2725074001,50
2725076512,45
2725079213,40
2725081788,35
2725084442,30
2725087000,25
2725089743,20
2725092362,15
2725095061,10
2725097575,5
2725100319,0
2725102940,-5
2725105595,-10
2725108106,-15
2725110852,-20
2725113515,-25
2725116302,-30
2725119128,-35
2725121559,-40
2725124001,-45
2725126745,-50
2725129391,-55
2725132225,-60
2725134934,-65
2725137677,-70
2725140326,-75
2725143069,-80
2725145777,-85
2725148521,-90
2725151122,-95
2725153911,-100
2725156664,-105
2725159364,-110
2725162010,-115
2725164753,-120
2725167506,-125
2725170249,-130
2725172896,-135
2725175640,-140
2725178351,-145
2725181181,-150
2725183873,-155
2725186663,-160
2725189415,-165
2725192115,-170
2725194806,-175
2725197598,-180
2725200350,-185
2725203092,-190
2725205828,-195
2725208572,-200
2725211370,-205
2725214115,-210
2725216851,-215
2725219641,-220
2725222438,-225
2725225181,-230
2725227916,-235
2725230753,-240
2725233547,-245
2725236336,-250
2725239072,-255
2725241906,-260
2725244794,-265
2725247581,-270
2725250317,-275
2725253107,-280
2725255905,-285
2725258781,-290
2725261472,-295
2725264350,-300
2725267150,-305
2725269982,-310
2725272717,-315
2725275640,-320
2725278394,-325
2725281272,-330
2725284009,-335
2725287019,-340
2725289863,-345
2725292739,-350
2725295475,-355
2725298442,-360
2725301285,-365
2725304164,-370
2725306899,-375
2725309910,-380
2725312842,-385
2725315898,-390
2725318946,-395
2725321603,-400
2725324310,-405
2725327277,-410
2725330236,-415
2725333338,-420
2725336359,-425
2725339370,-430
2725342239,-435
2725345342,-440
2725348319,-445
2725351330,-450
2725354244,-455
2725357346,-460
2725360410,-465
2725363421,-470
2725366381,-475
2725369482,-480
2725372549,-485
2725375648,-490
2725378607,-495
2725381709,-500
2725384773,-505
2725387964,-510
2725391057,-515
2725394204,-520
2725397357,-525
2725400414,-530
2725403507,-535
2725406654,-540
2725409851,-545
2725413041,-550
2725416179,-555
2725419371,-560
2725422570,-565
2725425717,-570
2725428942,-575
2725432222,-580
2725435467,-585
2725438702,-590
2725441928,-595
2725445209,-600
2725448540,-605
2725451819,-610
2725455090,-615
2725458459,-620
2725461881,-625
2725465250,-630
2725468522,-635
2725471890,-640
2725475268,-645
2725478727,-650
2725482042,-655
2725485500,-660
2725488922,-665
2725492426,-670
2725495786,-675
2725499378,-680
2725502802,-685
2725506392,-690
2725509841,-695
2725513569,-700
2725517124,-705
2725520805,-710
2725524303,-715
2725528071,-720
2725531716,-725
2725535443,-730
2725538983,-735
2725542842,-740
2725546665,-745
2725550659,-750
2725554735,-755
2725558238,-760
2725561837,-765
2725565830,-770
2725569772,-775
2725573988,-780
2725578081,-785
2725582252,-790
2725586239,-795
2725590544,-800
2725594681,-805
2725598986,-810
2725603105,-815
2725607590,-820
2725611993,-825
2725616435,-830
2725620776,-835
2725625350,-840
2725630022,-845
2725634732,-850
2725639340,-855
2725644181,-860
2725649077,-865
2725654139,-870
2725659198,-875
2725664440,-880
2725669738,-885
2725675024,-890
2725680393,-895
2725685994,-900
2725691735,-905
2725697648,-910
2725703596,-915
2725709775,-920
2725716099,-925
2725722589,-930
2725729296,-935
2725736461,-940
2725743807,-945
2725751326,-950
2725759151,-955
2725767605,-960
2725776515,-965
2725785819,-970
2725795739,-975
2725806918,-980
2725819218,-985
2725832808,-990
2725848529,-995
2725869170,-1000
2725905298,-1005
2725984084,-1000
2726005706,-995
2726023124,-990
2726037696,-985
2726051560,-980
2726063542,-975
2726074759,-970
2726084824,-965
2726094894,-960
2726104022,-955
2726112869,-950
2726121060,-945
2726129390,-940
2726137131,-935
2726144733,-930
2726151806,-925
2726159067,-920
2726165782,-915
2726172537,-910
2726178940,-905
2726185490,-900
2726191578,-895
2726197662,-890
2726203396,-885
2726209406,-880
2726215054,-875
2726220825,-870
2726226290,-865
2726231812,-860
2726237012,-855
2726242158,-850
2726247266,-845
2726252429,-840
2726257360,-835
2726262195,-830
2726266947,-825
2726271841,-820
2726276551,-815
2726281116,-810
2726285645,-805
2726290227,-800
2726294713,-795
2726299055,-790
2726303406,-785
2726307900,-780
2726312296,-775
2726316594,-770
2726321036,-765
2726324903,-760
2726328540,-755
2726332659,-750
2726336743,-745
2726340836,-740
2726344874,-735
2726348635,-730
2726352451,-725
2726356320,-720
2726360181,-715
2726363898,-710
2726367670,-705
2726371448,-700
2726375264,-695
2726378893,-690
2726382529,-685
2726386131,-680
2726389768,-675
2726393263,-670
2726396810,-665
2726400366,-660
2726403869,-655
2726407365,-650
2726410778,-645
2726414335,-640
2726417704,-635
2726421109,-630
2726424433,-625
2726427989,-620
2726431359,-615
2726434719,-610
2726437955,-605
2726441422,-600
2726444702,-595
2726447973,-590
2726451164,-585
2726454542,-580
2726457778,-575
2726461051,-570
2726464151,-565
2726467439,-560
2726470541,-555
2726473768,-550
2726476869,-545
2726480112,-540
2726483170,-535
2726486262,-530
2726489275,-525
2726492474,-520
2726495489,-515
2726498624,-510
2726501680,-505
2726504790,-500
2726507759,-495
2726510762,-490
2726513729,-485
2726516794,-480
2726519717,-475
2726522677,-470
2726525599,-465
2726528619,-460
2726531588,-455
2726534456,-450
2726537292,-445
2726540222,-440
2726543147,-435
2726545969,-430
2726548803,-425
2726551779,-420
2726554703,-415
2726557573,-410
2726560540,-405
2726563203,-400
2726565636,-395
2726568460,-390
2726571249,-385
2726574091,-380
2726576883,-375
2726579529,-370
2726582183,-365
2726584936,-360
2726587680,-355
2726590328,-350
2726592983,-345
2726595691,-340
2726598437,-335
2726601082,-330
2726603739,-325
2726606357,-320
2726609011,-315
2726611569,-310
2726614181,-305
2726616843,-300
2726619459,-295
2726622012,-290
2726624579,-285
2726627239,-280
2726629761,-275
2726632363,-270
2726634840,-265
2726637548,-260
2726640114,-255
2726642673,-250
2726645150,-245
2726647812,-240
2726650335,-235
2726652847,-230
2726655325,-225
2726657942,-220
2726660419,-215
2726662975,-210
2726665407,-205
2726667980,-200
2726670413,-195
2726672926,-190
2726675357,-185
2726677933,-180
2726680363,-175
2726682833,-170
2726685220,-165
2726687749,-160
2726690181,-155
2726692694,-150
2726695128,-145
2726697612,-140
2726699999,-135
2726702422,-130
2726704809,-125
2726707339,-120
2726709726,-115
2726712107,-110
2726714492,-105
2726716938,-100
2726719367,-95
2726721745,-90
2726724087,-85
2726726482,-80
2726728872,-75
2726731249,-70
2726733594,-65
2726736032,-60
2726738465,-55
2726740843,-50
2726743320,-45
2726745537,-40
2726747568,-35
2726749947,-30
2726752289,-25
2726754641,-20
2726756985,-15
2726759229,-10
2726761483,-5
2726763789,0
2726766089,5
2726768333,10
2726770591,15
2726772894,20
2726775236,25
2726777482,30
2726779735,35
2726781952,40
2726784252,45
2726786451,50
2726788704,55
2726790968,60
2726793221,65
2726795421,70
2726797630,75
2726799936,80
2726802145,85
2726804345,90
2726806509,95
2726808863,100
2726811071,105
2726813315,110
2726815478,115
2726817787,120
2726819950,125
2726822197,130
2726824315,135
2726826622,140
2726828832,145
2726831032,150
2726833196,155
2726835458,160
2726837622,165
2726839822,170
2726841987,175
2726844251,180
2726846413,185
2726848570,190
2726850690,195
2726852952,200
2726855115,205
2726857360,210
2726859524,215
2726861742,220
2726863906,225
2726866061,230
2726868227,235
2726870444,240
2726872609,245
2726874763,250
2726876882,255
2726879145,260
2726881309,265
2726883465,270
2726885586,275
2726887757,280
2726889923,285
2726892078,290
2726894198,295
2726896414,300
2726898623,305
2726900824,310
2726903078,315
2726905119,320
2726906969,325
2726909125,330
2726911291,335
2726913463,340
2726915626,345
2726917650,350
2726919723,355
2726921853,360
2726923973,365
2726926038,370
2726928113,375
2726930286,380
2726932406,385
2726934472,390
2726936592,395
2726938632,400
2726940750,405
2726942816,410
2726944894,415
2726947020,420
2726949097,425
2726951163,430
2726953193,435
2726955320,440
2726957396,445
2726959462,450
2726961493,455
2726963665,460
2726965740,465
2726967851,470
2726969882,475
2726972009,480
2726974087,485
2726976152,490
2726978182,495
2726980355,500
2726982431,505
2726984497,510
2726986527,515
2726988655,520
2726990686,525
2726992798,530
2726994826,535
2726996955,540
2726999030,545
2727001096,550
2727003083,555
2727005211,560
2727007286,565
2727009397,570
2727011474,575
2727013556,580
2727015630,585
2727017654,590
2727019729,595
2727021855,600
2727023885,605
2727025955,610
2727027983,615
2727030155,620
2727032231,625
2727034252,630
2727036281,635
2727038411,640
2727040493,645
2727042553,650
2727044582,655
2727046709,660
2727048829,665
2727050941,670
2727053104,675
2727055054,680
2727056862,685
2727058927,690
2727061046,695
2727063130,700
2727065206,705
2727067140,710
2727069168,715
2727071207,720
2727073283,725
2727075263,730
2727077290,735
2727079374,740
2727081448,745
2727083472,750
2727085500,755
2727087495,760
2727089525,765
2727091547,770
2727093534,775
2727095617,780
2727097602,785
2727099624,790
2727101655,795
2727103738,800
2727105725,805
2727107745,810
2727109733,815
2727111859,820
2727113890,825
2727115912,830
2727117898,835
2727120026,840
2727122056,845
2727124079,850
2727126064,855
2727128192,860
2727130223,865
2727132289,870
2727134275,875
2727136357,880
2727138344,885
2727140412,890
2727142440,895
2727144525,900
2727146554,905
2727148575,910
2727150562,915
2727152690,920
2727154722,925
2727156832,930
2727158862,935
2727160989,940
2727162976,945
2727165041,950
2727167072,955
2727169199,960
2727171231,965
2727173297,970
2727175284,975
2727177454,980
2727179531,985
2727181551,990
2727183581,995
2727185666,1000
2727187741,1005
2727189806,1010
2727191882,1015
2727194009,1020
2727196129,1025
2727198240,1030
2727200405,1035
2727202399,1040
2727204205,1045
2727206272,1050
2727208391,1055
2727210475,1060
2727212550,1065
2727214527,1070
2727216558,1075
2727218641,1080
2727220717,1085
2727222738,1090
2727224768,1095
2727226852,1100
2727228972,1105
2727231040,1110
2727233070,1115
2727235108,1120
2727237182,1125
2727239251,1130
2727241280,1135
2727243363,1140
2727245439,1145
2727247508,1150
2727249581,1155
2727251665,1160
2727253739,1165
2727255806,1170
2727257837,1175
2727260055,1180
2727262130,1185
2727264240,1190
2727266270,1195
2727268490,1200
2727270565,1205
2727272675,1210
2727274753,1215
2727276923,1220
2727279043,1225
2727281198,1230
2727283274,1235
2727285446,1240
2727287566,1245
2727289721,1250
2727291840,1255
2727294059,1260
2727296177,1265
2727298289,1270
2727300408,1275
2727302628,1280
2727304746,1285
2727306946,1290
2727309155,1295
2727311373,1300
2727313494,1305
2727315647,1310
2727317812,1315
2727320073,1320
2727322239,1325
2727324394,1330
2727326559,1335
2727328822,1340
2727331031,1345
2727333185,1350
2727335349,1355
2727337612,1360
2727339821,1365
2727341976,1370
2727344185,1375
2727346447,1380
2727348746,1385
2727350991,1390
2727353289,1395
2727366286,1425
2727368395,1430
2727370560,1435
2727372822,1440
2727375031,1445
2727377187,1450
2727379352,1455
2727381614,1460
2727383868,1465
2727386072,1470
2727388277,1475
2727390450,1480
2727392705,1485
2727394860,1490
2727397068,1495
2727399287,1500
2727401497,1505
2727403696,1510
2727405906,1515
2727408168,1520
2727410377,1525
2727412576,1530
2727414741,1535
2727417092,1540
2727419302,1545
2727421546,1550
2727423711,1555
2727426063,1560
2727428272,1565
2727430519,1570
2727432726,1575
2727435033,1580
2727437287,1585
2727439533,1590
2727441741,1595
2727444048,1600
2727446257,1605
2727448547,1610
2727450755,1615
2727453108,1620
2727455315,1625
2727457560,1630
2727459769,1635
2727462120,1640
2727464374,1645
2727466663,1650
2727468965,1655
2727471268,1660
2727473523,1665
2727475767,1670
2727478020,1675
2727480416,1680
2727482670,1685
2727484915,1690
2727487169,1695
2727489563,1700
2727491862,1705
2727494109,1710
2727496405,1715
2727498711,1720
2727501010,1725
2727503299,1730
2727505598,1735
2727507995,1740
2727510336,1745
2727512671,1750
2727515148,1755
2727517320,1760
2727519350,1765
2727521639,1770
2727523982,1775
2727526334,1780
2727528677,1785
2727530878,1790
2727533130,1795
2727535437,1800
2727537781,1805
2727540024,1810
2727542322,1815
2727544629,1820
2727547018,1825
2727549262,1830
2727551560,1835
2727553868,1840
2727556165,1845
2727558454,1850
2727560752,1855
2727563058,1860
2727565358,1865
2727567648,1870
2727569944,1875
2727572296,1880
2727574594,1885
2727576931,1890
2727579182,1895
2727581621,1900
2727583921,1905
2727586253,1910
2727588551,1915
2727590947,1920
2727593290,1925
2727595623,1930
2727597878,1935
2727600317,1940
2727602660,1945
2727605038,1950
2727607293,1955
2727609732,1960
2727612032,1965
2727614410,1970
2727616707,1975
2727619148,1980
2727621492,1985
2727623824,1990
2727626123,1995
2727628563,2000
2727630905,2005
2727633328,2010
2727635714,2015
2727638110,2020
2727640499,2025
2727642831,2030
2727645174,2035
2727647661,2040
2727650002,2045
2727652382,2050
2727654767,2055
2727657208,2060
2727659639,2065
2727662017,2070
2727664360,2075
2727666800,2080
2727669233,2085
2727671611,2090
2727673997,2095
2727676481,2100
2727678959,2105
2727681428,2110
2727683949,2115
2727686254,2120
2727688375,2125
2727690798,2130
2727693231,2135
2727695716,2140
2727698148,2145
2727700435,2150
2727702824,2155
2727705264,2160
2727707695,2165
2727710029,2170
2727712418,2175
2727714858,2180
2727717334,2185
2727719714,2190
2727722144,2195
2727724540,2200
2727726972,2205
2727729351,2210
2727731737,2215
2727734224,2220
2727736611,2225
2727739033,2230
2727741465,2235
2727743949,2240
2727746338,2245
2727748761,2250
2727751148,2255
2727753678,2260
2727756155,2265
2727758624,2270
2727761009,2275
2727763539,2280
2727766015,2285
2727768482,2290
2727770870,2295
2727773444,2300
2727775876,2305
2727778390,2310
2727780822,2315
2727783349,2320
2727785782,2325
2727788344,2330
2727790770,2335
2727793344,2340
2727795821,2345
2727798335,2350
2727800721,2355
2727803342,2360
2727805817,2365
2727808420,2370
2727810939,2375
2727813515,2380
2727815990,2385
2727818503,2390
2727821024,2395
2727823643,2400
2727826165,2405
2727828679,2410
2727831199,2415
2727833862,2420
2727836430,2425
2727838985,2430
2727841506,2435
2727844080,2440
2727846691,2445
2727849248,2450
2727851813,2455
2727854479,2460
2727857134,2465
2727859781,2470
2727862523,2475
2727864965,2480
2727867263,2485
2727869864,2490
2727872518,2495
2727875181,2500
2727877837,2505
2727880349,2510
2727882870,2515
2727885534,2520
2727888145,2525
2727890746,2530
2727893314,2535
2727896020,2540
2727898677,2545
2727901322,2550
2727903932,2555
2727906551,2560
2727909207,2565
2727911810,2570
2727914464,2575
2727917172,2580
2727919828,2585
2727922474,2590
2727925129,2595
2727927882,2600
2727930536,2605
2727933227,2610
2727935838,2615
2727938724,2620
2727941425,2625
2727944161,2630
2727946862,2635
2727949701,2640
2727952402,2645
2727955186,2650
2727957881,2655
2727960767,2660
2727963558,2665
2727966382,2670
2727969081,2675
2727971967,2680
2727974756,2685
2727977626,2690
2727980416,2695
2727983346,2700
2727986179,2705
2727989006,2710
2727991795,2715
2727994769,2720
2727997646,2725
2728000605,2730
2728003528,2735
2728006551,2740
2728009427,2745
2728012345,2750
2728015264,2755
2728018374,2760
2728021297,2765
2728024301,2770
2728027270,2775
2728030335,2780
2728033437,2785
2728036439,2790
2728039406,2795
2728042516,2800
2728045617,2805
2728048665,2810
2728051768,2815
2728055012,2820
2728058201,2825
2728061385,2830
2728064708,2835
2728067728,2840
2728070517,2845
2728073743,2850
2728076978,2855
2728080266,2860
2728083548,2865
2728086686,2870
2728089875,2875
2728093163,2880
2728096489,2885
2728099714,2890
2728102994,2895
2728106416,2900
2728109830,2905
2728113191,2910
2728116559,2915
2728119937,2920
2728123440,2925
2728126847,2930
2728130260,2935
2728133814,2940
2728137320,2945
2728140858,2950
2728144451,2955
2728148138,2960
2728151686,2965
2728155403,2970
2728158996,2975
2728162907,2980
2728166677,2985
2728170528,2990
2728174298,2995
2728178345,3000
2728182249,3005
2728186234,3010
2728190137,3015
2728194318,3020
2728198447,3025
2728202653,3030
2728206738,3035
2728211139,3040
2728215356,3045
2728219788,3050
2728224184,3055
2728228810,3060
2728233340,3065
2728237950,3070
2728242523,3075
2728247463,3080
2728252306,3085
2728257406,3090
2728262472,3095
2728267723,3100
2728272921,3105
2728278246,3110
2728283713,3115
2728289500,3120
2728295189,3125
2728301093,3130
2728307050,3135
2728313508,3140
2728320000,3145
2728326576,3150
2728333246,3155
2728340461,3160
2728347893,3165
2728355537,3170
2728363591,3175
2728372501,3180
2728382075,3185
2728392307,3190
2728404020,3195
2728415472,3200
2728427634,3205
2728444203,3210
2728466760,3215
2728616001,3210
2728646630,3205
2728669587,3200
2728690234,3195
2728710381,3190
2728727309,3185
2728743264,3180
2728757396,3175
2728770762,3170
2728782825,3165
2728794808,3160
2728805860,3155
2728816681,3150
2728826825,3145
2728837424,3140
2728847541,3135
2728857468,3130
2728866765,3125
2728876203,3120
2728885559,3115
2728894640,3110
2728903044,3105
2728911411,3100
2728919473,3095
2728927526,3090
2728935217,3085
2728942824,3080
2728950217,3075
2728957291,3070
2728964085,3065
2728970933,3060
2728977568,3055
2728984105,3050
2728990367,3045
2728996637,3040
2729002780,3035
2729008826,3030
2729014775,3025
2729020867,3020
2729026832,3015
2729032702,3010
2729038471,3005
2729044385,3000
2729050260,2995
2729055949,2990
2729061587,2985
2729067410,2980
2729073242,2975
2729078841,2970
2729084345,2965
2729089989,2960
2729095508,2955
2729101153,2950
2729106521,2945
2729112121,2940
2729117551,2935
2729123016,2930
2729128162,2925
2729133629,2920
2729138702,2915
2729143990,2910
2729148910,2905
2729154243,2900
2729159228,2895
2729164337,2890
2729169080,2885
2729174235,2880
2729179129,2875
2729184147,2870
2729188846,2865
2729194001,2860
2729199029,2855
2729204317,2850
2729209641,2845
2729214259,2840
2729218840,2835
2729223993,2830
2729228961,2825
2729234116,2820
2729239099,2815
2729244074,2810
2729248818,2805
2729253749,2800
2729258511,2795
2729263307,2790
2729267962,2785
2729272893,2780
2729277699,2775
2729282495,2770
2729287152,2765
2729291905,2760
2729296709,2755
2729301418,2750
2729305938,2745
2729310601,2740
2729315184,2735
2729319804,2730
2729324278,2725
2729328810,2720
2729333256,2715
2729337608,2710
2729341815,2705
2729346167,2700
2729350482,2695
2729354787,2690
2729358996,2685
2729363214,2680
2729367481,2675
2729371655,2670
2729375821,2665
2729380037,2660
2729384261,2655
2729388435,2650
2729392508,2645
2729396725,2640
2729400951,2635
2729405078,2630
2729409152,2625
2729413369,2620
2729417640,2615
2729421722,2610
2729425750,2605
2729429879,2600
2729433970,2595
2729438142,2590
2729442127,2585
2729446253,2580
2729450346,2575
2729454472,2570
2729458367,2565
2729462540,2560
2729466453,2555
2729470536,2550
2729474387,2545
2729478559,2540
2729482472,2535
2729486467,2530
2729490228,2525
2729494266,2520
2729498182,2515
2729502129,2510
2729505848,2505
2729509929,2500
2729513932,2495
2729518105,2490
2729522314,2485
2729525951,2480
2729529595,2475
2729533723,2470
2729537664,2465
2729541836,2460
2729545839,2455
2729549832,2450
2729553639,2445
2729557634,2440
2729561501,2435
2729565405,2430
2729569168,2425
2729573161,2420
2729577120,2415
2729581023,2410
2729584831,2405
2729588735,2400
2729592695,2395
2729596597,2390
2729600360,2385
2729604265,2380
2729608089,2375
2729611994,2370
2729615801,2365
2729619617,2360
2729623395,2355
2729627076,2350
2729630749,2345
2729634475,2340
2729638166,2335
2729641846,2330
2729645430,2325
2729649112,2320
2729652757,2315
2729656305,2310
2729659935,2305
2729663614,2300
2729667260,2295
2729670851,2290
2729674390,2285
2729678071,2280
2729681761,2275
2729685353,2270
2729688937,2265
2729692664,2260
2729696399,2255
2729699990,2250
2729703529,2245
2729707167,2240
2729710767,2235
2729714404,2230
2729717898,2225
2729721582,2220
2729725137,2215
2729728772,2210
2729732224,2205
2729735904,2200
2729739372,2195
2729743008,2190
2729746457,2185
2729750183,2180
2729753696,2175
2729757286,2170
2729760691,2165
2729764328,2160
2729767841,2155
2729771389,2150
2729774705,2145
2729778429,2140
2729781985,2135
2729785710,2130
2729789517,2125
2729792753,2120
2729796041,2115
2729799722,2110
2729803263,2105
2729807032,2100
2729810634,2095
2729814224,2090
2729817675,2085
2729821311,2080
2729824869,2075
2729828371,2070
2729831821,2065
2729835457,2060
2729839060,2055
2729842606,2050
2729846055,2045
2729849648,2040
2729853204,2035
2729856795,2030
2729860203,2025
2729863748,2020
2729867260,2015
2729870809,2010
2729874257,2005
2729877760,2000
2729881272,1995
2729884686,1990
2729888002,1985
2729891460,1980
2729894882,1975
2729898252,1970
2729901611,1965
2729904980,1960
2729908314,1955
2729911682,1950
2729914998,1945
2729918412,1940
2729921789,1935
2729925112,1930
2729928386,1925
2729931797,1920
2729935221,1915
2729938545,1910
2729941860,1905
2729945322,1900
2729948786,1895
2729952109,1890
2729955424,1885
2729958794,1880
2729962171,1875
2729965539,1870
2729968811,1865
2729972225,1860
2729975603,1855
2729978970,1850
2729982196,1845
2729985655,1840
2729988899,1835
2729992312,1830
2729995540,1825
2729998996,1820
2730002329,1815
2730005698,1810
2730008879,1805
2730012339,1800
2730015671,1795
2730019041,1790
2730022179,1785
2730025680,1780
2730029059,1775
2730032604,1770
2730036188,1765
2730039290,1760
2730042399,1755
2730045857,1750
2730049264,1745
2730052810,1740
2730056234,1735
2730059690,1730
2730062962,1725
2730066425,1720
2730069797,1715
2730073167,1710
2730076438,1705
2730079896,1700
2730083320,1695
2730086686,1690
2730090003,1685
2730093417,1680
2730096839,1675
2730100297,1670
2730103566,1665
2730106981,1660
2730110313,1655
2730113771,1650
2730117132,1645
2730120501,1640
2730123878,1635
2730127159,1630
2730130385,1625
2730133753,1620
2730137041,1615
2730140365,1610
2730143638,1605
2730146916,1600
2730150162,1595
2730153394,1590
2730156666,1585
2730159990,1580
2730163278,1575
2730166512,1570
2730169695,1565
2730173019,1560
2730176351,1555
2730179632,1550
2730182902,1545
2730186271,1540
2730189649,1535
2730192973,1530
2730196202,1525
2730199525,1520
2730202812,1515
2730206181,1510
2730209363,1505
2730212732,1500
2730216019,1495
2730219388,1490
2730222569,1485
2730225938,1480
2730229137,1475
2730232507,1470
2730235687,1465
2730239145,1460
2730242389,1455
2730245759,1450
2730248894,1445
2730252310,1440
2730255597,1435
2730258919,1430
2730262057,1425
2730265559,1420
2730268892,1415
2730272394,1410
2730275977,1405
2730279035,1400
2730282145,1395
2730285604,1390
2730288964,1385
2730292511,1380
2730295932,1375
2730299345,1370
2730302617,1365
2730306030,1360
2730309363,1355
2730312731,1350
2730316003,1345
2730319461,1340
2730322885,1335
2730326253,1330
2730329567,1325
2730332981,1320
2730336402,1315
2730339816,1310
2730343132,1305
2730346545,1300
2730349924,1295
2730353381,1290
2730356742,1285
2730360154,1280
2730363532,1275
2730366811,1270
2730370083,1265
2730373450,1260
2730376784,1255
2730380107,1250
2730383377,1245
2730386702,1240
2730389990,1235
2730393270,1230
2730396541,1225
2730399911,1220
2730403242,1215
2730406522,1210
2730409794,1205
2730413163,1200
2730416586,1195
2730419908,1190
2730423224,1185
2730426637,1180
2730430104,1175
2730433473,1170
2730436789,1165
2730440202,1160
2730443625,1155
2730447038,1150
2730450354,1145
2730453811,1140
2730457189,1135
2730460648,1130
2730463963,1125
2730467467,1120
2730470756,1115
2730474259,1110
2730477618,1105
2730481210,1100
2730484632,1095
2730488179,1090
2730491543,1085
2730495176,1080
2730498687,1075
2730502324,1070
2730505687,1065
2730509455,1060
2730513147,1055
2730517006,1050
2730520945,1045
2730524359,1040
2730527870,1035
2730531773,1030
2730535580,1025
2730539618,1020
2730543577,1015
2730547615,1010
2730551465,1005
2730555548,1000
2730559551,995
2730563634,990
2730567663,985
2730571968,980
2730576282,975
2730580587,970
2730584841,965
2730589325,960
2730593863,955
2730598479,950
2730602911,945
2730607619,940
2730612291,935
2730617131,930
2730621830,925
2730626717,920
2730631611,915
2730636453,910
2730641286,905
2730646305,900
2730651334,895
2730656396,890
2730661451,885
2730666560,880
2730671722,875
2730676875,870
2730682110,865
2730687531,860
2730692918,855
2730698292,850
2730703706,845
2730709307,840
2730715048,835
2730720692,830
2730726462,825
2730732553,820
2730738741,815
2730744875,810
2730751048,805
2730757451,800
2730763951,795
2730770711,790
2730777329,785
2730784358,780
2730791439,775
2730798735,770
2730805843,765
2730813406,760
2730820620,755
2730828316,750
2730835648,745
2730843613,740
2730851140,735
2730858970,730
2730866436,725
2730874624,720
2730882730,715
2730891186,710
2730899411,705
2730908715,700
2730918070,695
2730928177,690
2730938900,685
2730948515,680
2730958764,675
2730970787,670
2730982806,665
2730995857,660
2731008738,655
2731022058,650
2731035235,645
2731049356,640
2731063307,635
2731078187,630
2731093907,625
2731112982,620
2731135500,615
2731164746,610
2731209340,605
2733196787,610
2733232867,615
2733260739,620
2733283072,625
2733302142,630
2733319121,635
2733335127,640
2733349876,645
2733363543,650
2733376462,655
2733389167,660
2733401238,665
2733412721,670
2733424124,675
2733433880,680
2733442739,685
2733452615,690
2733462231,695
2733471634,700
2733480669,705
2733489074,710
2733497396,715
2733505771,720
2733514094,725
2733522141,730
2733530284,735
2733538524,740
2733546757,745
2733554579,750
2733562320,755
2733569892,760
2733577501,765
2733584880,770
2733592352,775
2733599968,780
2733607443,785
2733614910,790
2733622340,795
2733629821,800
2733637027,805
2733644226,810
2733651298,815
2733658827,820
2733665988,825
2733673231,830
2733680260,835
2733687651,840
2733694724,845
2733701789,850
2733708593,855
2733715717,860
2733722522,865
2733729497,870
2733736124,875
2733742982,880
2733749608,885
2733756448,890
2733762986,895
2733769887,900
2733776515,905
2733783267,910
2733789847,915
2733796883,920
2733803688,925
2733810796,930
2733817782,935
2733824860,940
2733831754,945
2733838818,950
2733845891,955
2733853328,960
2733860536,965
2733867778,970
2733874896,975
2733882334,980
2733889585,985
2733896695,990
2733903678,995
2733910893,1000
2733918010,1005
2733925030,1010
2733932103,1015
2733939452,1020
2733946792,1025
2733954080,1030
2733961735,1035
2733968680,1040
2733975217,1045
2733982863,1050
2733990515,1055
2733998265,1060
2734005875,1065
2734013206,1070
2734020637,1075
2734028296,1080
2734036040,1085
2734043550,1090
2734051158,1095
2734059044,1100
2734067054,1105
2734074831,1110
2734082663,1115
2734090504,1120
2734098558,1125
2734106470,1130
2734114525,1135
2734122810,1140
2734131043,1145
2734139490,1150
2734148124,1155
2734157124,1160
2734165979,1165
2734175231,1170
2734184445,1175
2734194513,1180
2734204265,1185
2734214184,1190
2734223799,1195
2734234182,1200
2734244156,1205
2734254345,1210
2734264271,1215
2734274831,1220
2734285117,1225
2734295663,1230
2734305813,1235
2734316597,1240
2734326975,1245
2734337741,1250
2734348297,1255
2734359393,1260
2734370079,1265
2734381025,1270
2734391668,1275
2734403121,1280
2734414345,1285
2734426585,1290
2734438789,1295
2734451804,1300
2734464990,1305
2734479375,1310
2734494834,1315
2734513068,1320
2734532814,1325
2734554472,1330
2734576895,1335
2734602896,1340
2734629782,1345
2734657153,1350
2734685334,1355
2734715705,1360
2734747321,1365
2734780357,1370
2734815451,1375
2734854659,1380
2734897564,1385
2734945552,1390
2735004792,1395
2735073979,1400
2736107385,1395
2736138154,1390
2736161861,1385
2736183121,1380
2736201132,1375
2736217440,1370
2736231957,1365
2736246169,1360
2736259096,1355
2736271388,1350
2736282826,1345
2736294404,1340
2736305279,1335
2736315741,1330
2736325573,1325
2736335410,1320
2736344901,1315
2736354159,1310
2736362786,1305
2736371511,1300
2736379885,1295
2736388250,1290
2736396252,1285
2736404174,1280
2736411879,1275
2736419307,1270
2736426506,1265
2736433756,1260
2736440881,1255
2736447864,1250
2736454663,1245
2736461379,1240
2736468010,1235
2736474503,1230
2736480901,1225
2736487345,1220
2736493623,1215
2736499713,1210
2736505707,1205
2736511753,1200
2736517717,1195
2736523494,1190
2736529176,1185
2736534954,1180
2736540653,1175
2736546163,1170
2736551490,1165
2736556908,1160
2736562204,1155
2736567581,1150
2736572639,1145
2736577881,1140
2736582954,1135
2736588152,1130
2736593031,1125
2736598186,1120
2736603034,1115
2736608099,1110
2736612933,1105
2736618131,1100
2736623072,1095
2736628090,1090
2736632835,1085
2736637988,1080
2736642926,1075
2736647946,1070
2736652690,1065
2736657889,1060
2736663008,1055
2736668339,1050
2736673798,1045
2736678506,1040
2736683265,1035
2736688732,1030
2736694011,1025
2736699746,1020
2736705310,1015
2736710999,1010
2736716546,1005
2736722505,1000
2736728379,995
2736734469,990
2736740464,985
2736747001,980
2736753593,975
2736760307,970
2736767014,965
2736774177,960
2736781570,955
2736789177,950
2736796688,945
2736804743,940
2736812896,935
2736821529,930
2736830245,925
2736839236,920
2736848459,915
2736857629,910
2736866925,905
2736876587,900
2736886388,895
2736896277,890
2736906147,885
2736916210,880
2736926369,875
2736936520,870
2736946797,865
2736957349,860
2736967864,855
2736978327,850
2736988782,845
2736999605,840
2737010475,835
2737021162,830
2737031930,825
2737043154,820
2737054427,815
2737065515,810
2737076506,805
2737087818,800
2737099137,795
2737110672,790
2737121932,785
2737133688,780
2737145276,775
2737157168,770
2737168605,765
2737180897,760
2737192484,755
2737204821,750
2737216617,745
2737229489,740
2737241746,735
2737254395,730
2737266458,725
2737279555,720
2737292167,715
2737305039,710
2737317370,705
2737330958,700
2737344242,695
2737358228,690
2737372523,685
2737384904,680
2737397473,675
2737411731,670
2737425756,665
2737440726,660
2737455302,655
2737470182,650
2737484564,645
2737499980,640
2737515004,635
2737530418,630
2737545425,625
2737561600,620
2737577561,615
2737593689,610
2737609634,605
2737626300,600
2737643304,595
2737660443,590
2737677282,585
2737694976,580
2737712854,575
2737731440,570
2737750064,565
2737769275,560
2737788761,555
2737808373,550
2737828468,545
2737850581,540
2737875149,535
2737904310,530
2737944709,525
2738074370,530
2738099026,535
2738119535,540
2738136336,545
2738151435,550
2738164666,555
2738177547,560
2738189127,565
2738200297,570
2738210494,575
2738220386,580
2738229467,585
2738238182,590
2738246504,595
2738254878,600
2738262622,605
2738270132,610
2738277385,615
2738284733,620
2738291717,625
2738298425,630
2738304961,635
2738311508,640
2738317911,645
2738324171,650
2738330263,655
2738336496,660
2738342634,665
2738348583,670
2738354673,675
2738360015,680
2738364900,685
2738370490,690
2738376002,695
2738381476,700
2738386810,705
2738391864,710
2738396886,715
2738402003,720
2738407067,725
2738411944,730
2738416831,735
2738421724,740
2738426658,745
2738431356,750
2738436062,755
2738440644,760
2738445308,765
2738449784,770
2738454269,775
2738458806,780
2738463200,785
2738467587,790
2738471937,795
2738476342,800
2738480604,805
2738484857,810
2738489029,815
2738493387,820
2738497605,825
2738501767,830
2738505805,835
2738510031,840
2738514070,845
2738518099,850
2738522004,855
2738526139,860
2738530044,865
2738534029,870
2738537801,875
2738541803,880
2738545528,885
2738549425,890
2738553151,895
2738557019,900
2738560744,905
2738564462,910
2738568055,915
2738571833,920
2738575515,925
2738579277,930
2738582914,935
2738586605,940
2738590151,945
2738593736,950
2738597282,955
2738600973,960
2738604520,965
2738608060,970
2738611518,975
2738615162,980
2738618754,985
2738622205,990
2738625662,995
2738629219,1000
2738632722,1005
2738636171,1010
2738639630,1015
2738643230,1020
2738646779,1025
2738650317,1030
2738653998,1035
2738657242,1040
2738660299,1045
2738663793,1050
2738667296,1055
2738670807,1060
2738674311,1065
2738677626,1070
2738680996,1075
2738684464,1080
2738687966,1085
2738691328,1090
2738694787,1095
2738698295,1100
2738701843,1105
2738705293,1110
2738708751,1115
2738712218,1120
2738715721,1125
2738719216,1130
2738722674,1135
2738726274,1140
2738729778,1145
2738733318,1150
2738736865,1155
2738740509,1160
2738744058,1165
2738747685,1170
2738751233,1175
2738755013,1180
2738758738,1185
2738762457,1190
2738766049,1195
2738769915,1200
2738773642,1205
2738777404,1210
2738781085,1215
2738784998,1220
2738788813,1225
2738792709,1230
2738796436,1235
2738800392,1240
2738804163,1245
2738808103,1250
2738811918,1255
2738815964,1260
2738819825,1265
2738823720,1270
2738827536,1275
2738831626,1280
2738835530,1285
2738839604,1290
2738843597,1295
2738847643,1300
2738851594,1305
2738855577,1310
2738859572,1315
2738863705,1320
2738867699,1325
2738871730,1330
2738875724,1335
2738879903,1340
2738884030,1345
2738888062,1350
2738892053,1355
2738896189,1360
2738900317,1365
2738904392,1370
2738908474,1375
2738912699,1380
2738916960,1385
2738921167,1390
2738925472,1395
2738929385,1400
2738933022,1405
2738937186,1410
2738941403,1415
2738945627,1420
2738949799,1425
2738953786,1430
2738957822,1435
2738962004,1440
2738966175,1445
2738970249,1450
2738974377,1455
2738978601,1460
2738982820,1465
2738986980,1470
2738991109,1475
2738995243,1480
2738999462,1485
2739003580,1490
2739007705,1495
2739011975,1500
2739016103,1505
2739020313,1510
2739024482,1515
2739028796,1520
2739032926,1525
2739037178,1530
2739041304,1535
2739045753,1540
2739050015,1545
2739054311,1550
2739058483,1555
2739062932,1560
2739067194,1565
2739071491,1570
2739075665,1575
2739080156,1580
2739084462,1585
2739088849,1590
2739093065,1595
2739097512,1600
2739101776,1605
2739106206,1610
2739110511,1615
2739115003,1620
2739119310,1625
2739123698,1630
2739127958,1635
2739132539,1640
2739136890,1645
2739141456,1650
2739145896,1655
2739150432,1660
2739154785,1665
2739159214,1670
2739163655,1675
2739168281,1680
2739172720,1685
2739177196,1690
2739181636,1695
2739186308,1700
2739190837,1705
2739195313,1710
2739199799,1715
2739204380,1720
2739208954,1725
2739213478,1730
2739218049,1735
2739222720,1740
2739227472,1745
2739232127,1750
2739236969,1755
2739241238,1760
2739245322,1765
2739249975,1770
2739254639,1775
2739259354,1780
2739263972,1785
2739268405,1790
2739272932,1795
2739277605,1800
2739282267,1805
2739286787,1810
2739291405,1815
2739296122,1820
2739300918,1825
2739305529,1830
2739310191,1835
2739314816,1840
2739319569,1845
2739324223,1850
2739328887,1855
2739333690,1860
2739338445,1865
2739343186,1870
2739347939,1875
2739352833,1880
2739357631,1885
2739362463,1890
2739367260,1895
2739372377,1900
2739377310,1905
2739382277,1910
2739387117,1915
2739392325,1920
2739397298,1925
2739402399,1930
2739407329,1935
2739412624,1940
2739417777,1945
2739423012,1950
2739428121,1955
2739433506,1960
2739438704,1965
2739444118,1970
2739449451,1975
2739455014,1980
2739460436,1985
2739465983,1990
2739471404,1995
2739477235,2000
2739482880,2005
2739488828,2010
2739494696,2015
2739500750,2020
2739506708,2025
2739512791,2030
2739518925,2035
2739525427,2040
2739531740,2045
2739538268,2050
2739544806,2055
2739551753,2060
2739558780,2065
2739565756,2070
2739572872,2075
2739580444,2080
2739588096,2085
2739595919,2090
2739604019,2095
2739612663,2100
2739621654,2105
2739630904,2110
2739640965,2115
2739650365,2120
2739659669,2125
2739671018,2130
2739683309,2135
2739696905,2140
2739712009,2145
2739728846,2150
2739750196,2155
2739785786,2160
2739884155,2155
2739908360,2150
2739926760,2145
2739943961,2140
2739958760,2135
2739972659,2130
2739985613,2125
2739995898,2120
2740005743,2115
2740016162,2110
2740025769,2105
2740035519,2100
2740044533,2095
2740053195,2090
2740061239,2085
2740069474,2080
2740077133,2075
2740084651,2070
2740091716,2065
2740099056,2060
2740106003,2055
2740112807,2050
2740119291,2045
2740125828,2040
2740132238,2035
2740138507,2030
2740144411,2025
2740150455,2020
2740156287,2015
2740162109,2010
2740167789,2005
2740173389,2000
2740178864,1995
2740184106,1990
2740189252,1985
2740194449,1980
2740199611,1975
2740204630,1970
2740209508,1965
2740214395,1960
2740219246,1955
2740223952,1950
2740228607,1945
2740233314,1940
2740237896,1935
2740242381,1930
2740246767,1925
2740251252,1920
2740255656,1915
2740259918,1910
2740264127,1905
2740268388,1900
2740272658,1895
2740276785,1890
2740280726,1885
2740284764,1880
2740288767,1875
2740292804,1870
2740296567,1865
2740300516,1860
2740304340,1855
2740308199,1850
2740311871,1845
2740315732,1840
2740319333,1835
2740323102,1830
2740326687,1825
2740330502,1820
2740334103,1815
2740337785,1810
2740341189,1805
2740344870,1800
2740348382,1795
2740351885,1790
2740355203,1785
2740358795,1780
2740362305,1775
2740365896,1770
2740369482,1765
2740372583,1760
2740375691,1755
2740379149,1750
2740382466,1745
2740386012,1740
2740389346,1735
2740392714,1730
2740395940,1725
2740399309,1720
2740402553,1715
2740405788,1710
2740408924,1705
2740412249,1700
2740415450,1695
2740418638,1690
2740421732,1685
2740424921,1680
2740428076,1675
2740431221,1670
2740434270,1665
2740437371,1660
2740440436,1655
2740443583,1650
2740446631,1645
2740449686,1640
2740452707,1635
2740455675,1630
2740458633,1625
2740461602,1620
2740464578,1615
2740467590,1610
2740470459,1605
2740473425,1600
2740476312,1595
2740479191,1590
2740482061,1585
2740484983,1580
2740487915,1575
2740490747,1570
2740493533,1565
2740496405,1560
2740499247,1555
2740502080,1550
2740504818,1545
2740507650,1540
2740510492,1535
2740513279,1530
2740515973,1525
2740518714,1520
2740521468,1515
2740524211,1510
2740526858,1505
2740529602,1500
2740532312,1495
2740535009,1490
2740537612,1485
2740540356,1480
2740542930,1475
2740545629,1470
2740548186,1465
2740550975,1460
2740553594,1455
2740556250,1450
2740558762,1445
2740561461,1440
2740564037,1435
2740566645,1430
2740569112,1425
2740571813,1420
2740574388,1415
2740577087,1410
2740579822,1405
2740582164,1400
2740584516,1395
2740587125,1390
2740589682,1385
2740592384,1380
2740594956,1375
2740597523,1370
2740600034,1365
2740602599,1360
2740605129,1355
2740607696,1350
2740610119,1345
2740612727,1340
2740615259,1335
2740617734,1330
2740620158,1325
2740622679,1320
2740625207,1315
2740627683,1310
2740630107,1305
2740632583,1300
2740635023,1295
2740637544,1290
2740639968,1285
2740642443,1280
2740644929,1275
2740647315,1270
2740649694,1265
2740652126,1260
2740654566,1255
2740656998,1250
2740659376,1245
2740661763,1240
2740664204,1235
2740666591,1230
2740668924,1225
2740671403,1220
2740673799,1215
2740676140,1210
2740678475,1205
2740680907,1200
2740683302,1195
2740685645,1190
2740687979,1185
2740716044,1125
2740718432,1120
2740720696,1115
2740723081,1110
2740725282,1105
2740727758,1100
2740730067,1095
2740732410,1090
2740734609,1085
2740737039,1080
2740739301,1075
2740741644,1070
2740743844,1065
2740746278,1060
2740748629,1055
2740751059,1050
2740753527,1045
2740755692,1040
2740757821,1035
2740760251,1030
2740762585,1025
2740765062,1020
2740767457,1015
2740769888,1010
2740772223,1005
2740774654,1000
2740777051,995
2740779482,990
2740781816,985
2740784337,980
2740786778,975
2740789208,970
2740791587,965
2740794020,960
2740796504,955
2740799026,950
2740801403,945
2740803881,940
2740806366,935
2740808930,930
2740811399,925
2740813963,920
2740816493,915
2740818969,910
2740821437,905
2740824002,900
2740826533,895
2740829097,890
2740831611,885
2740834176,880
2740836751,875
2740839270,870
2740841830,865
2740844439,860
2740847059,855
2740849623,850
2740852135,845
2740854792,840
2740857411,835
2740859975,830
2740862533,825
2740865190,820
2740867897,815
2740870506,810
2740873018,805
2740875673,800
2740878292,795
2740880948,790
2740883507,785
2740886163,780
2740888778,775
2740891432,770
2740893990,765
2740896689,760
2740899263,755
2740901963,750
2740904520,745
2740907266,740
2740909929,735
2740912626,730
2740915183,725
2740917928,720
2740920547,715
2740923247,710
2740925760,705
2740928548,700
2740931211,695
2740934044,690
2740936870,685
2740939302,680
2740941788,675
2740944533,670
2740947224,665
2740950056,660
2740952810,655
2740955553,650
2740958200,645
2740960989,640
2740963744,635
2740966485,630
2740969087,625
2740971922,620
2740974674,615
2740977417,610
2740980064,605
2740982809,600
2740985564,595
2740988357,590
2740990997,585
2740993741,580
2740996494,575
2740999283,570
2741002019,565
2741004808,560
2741007560,555
2741010259,550
2741012951,545
2741015741,540
2741018492,535
2741021281,530
2741023972,525
2741026760,520
2741029513,515
2741032258,510
2741034994,505
2741037827,500
2741040626,495
2741043370,490
2741046059,485
2741048893,480
2741051691,475
2741054478,470
2741057217,465
2741060049,460
2741062889,455
2741065678,450
2741068413,445
2741071204,440
2741074000,435
2741076832,430
2741079569,425
2741082403,420
2741085200,415
2741088033,410
2741090724,405
2741093648,400
2741096356,395
2741099235,390
2741101970,385
2741104939,380
2741107734,375
2741110613,370
2741113350,365
2741116271,360
2741119113,355
2741121991,350
2741124683,345
2741127650,340
2741130582,335
2741133593,330
2741136642,325
2741139253,320
2741141915,315
2741144929,310
2741147797,305
2741150899,300
2741153875,295
2741156887,290
2741159756,285
2741162767,280
2741165743,275
2741168710,270
2741171624,265
2741174683,260
2741177701,255
2741180714,250
2741183628,245
2741186684,240
2741189750,235
2741192805,230
2741195720,225
2741198821,220
2741201842,215
2741204988,210
2741208035,205
2741211180,200
2741214290,195
2741217348,190
2741220395,185
2741223540,180
2741226696,175
2741229841,170
2741232977,165
2741236123,160
2741239322,155
2741242468,150
2741245651,145
2741248885,140
2741252129,135
2741255364,130
2741258545,125
2741261825,120
2741265158,115
2741268439,110
2741271666,105
2741275080,100
2741278502,95
2741281826,90
2741285096,85
2741288464,80
2741291842,75
2741295299,70
2741298616,65
2741302120,60
2741305543,55
2741309088,50
2741312449,45
2741316086,40
2741319509,35
2741323100,30
2741326596,25
2741330365,20
2741333968,15
2741337691,10
2741341231,5
2741345091,0
2741348782,-5
2741352550,-10
2741356180,-15
2741360128,-20
2741364041,-25
2741368123,-30
2741372332,-35
2741375923,-40
2741379612,-45
2741383785,-50
2741387860,-55
2741392255,-60
2741396523,-65
2741400830,-70
2741405040,-75
2741409523,-80
2741413882,-85
2741418367,-90
2741422753,-95
2741427504,-100
2741432177,-105
2741436928,-110
2741441627,-115
2741446513,-120
2741451542,-125
2741456696,-130
2741461707,-135
2741467039,-140
2741472425,-145
2741478113,-150
2741483795,-155
2741489707,-160
2741495762,-165
2741501898,-170
2741508160,-175
2741514785,-180
2741521689,-185
2741528805,-190
2741536181,-195
2741543924,-200
2741552074,-205
2741560618,-210
2741569691,-215
2741579665,-220
2741590357,-225
2741601979,-230
2741614977,-235
2741630572,-240
2741650323,-245
2741681183,-250
2741778560,-245
2741802456,-240
2741820638,-235
2741836493,-230
2741850032,-225
2741863004,-220
2741874492,-215
2741885393,-210
2741895188,-205
2741904854,-200
2741913668,-195
2741922337,-190
2741930436,-185
2741938541,-180
2741946015,-175
2741953347,-170
2741960196,-165
2741967277,-160
2741973858,-155
2741980476,-150
2741986791,-145
2741993024,-140
2741998934,-135
2742004705,-130
2742010348,-125
2742016135,-120
2742021512,-115
2742026835,-110
2742031989,-105
2742037285,-100
2742042393,-95
2742047271,-90
2742052067,-85
2742056961,-80
2742061757,-75
2742066412,-70
2742070986,-65
2742075702,-60
2742080365,-55
2742084885,-50
2742089504,-45
2742093594,-40
2742097365,-35
2742101662,-30
2742105925,-25
2742110149,-20
2742114275,-15
2742118171,-10
2742122120,-5
2742126121,0
2742130071,5
2742133879,10
2742137692,15
2742141559,20
2742145464,25
2742149182,30
2742152863,35
2742156508,40
2742160188,45
2742163771,50
2742167318,55
2742170963,60
2742174467,65
2742177959,70
2742181418,75
2742184930,80
2742188342,85
2742191749,90
2742195071,95
2742198627,100
2742201996,105
2742205357,110
2742208592,115
2742212012,120
2742215248,125
2742218563,130
2742221710,135
2742225042,140
2742228236,145
2742231459,150
2742234518,155
2742237759,160
2742240815,165
2742243954,170
2742247009,175
2742250162,180
2742253220,185
2742256223,190
2742259190,195
2742262300,200
2742265267,205
2742268314,210
2742271282,215
2742274258,220
2742277181,225
2742280048,230
2742282926,235
2742285948,240
2742288780,245
2742291650,250
2742294439,255
2742297370,260
2742300203,265
2742302983,270
2742305772,275
2742308569,280
2742311403,285
2742314138,290
2742316882,295
2742319724,300
2742322557,305
2742325293,310
2742328173,315
2742330745,320
2742333088,325
2742335825,330
2742338523,335
2742341231,340
2742343932,345
2742346489,350
2742349055,355
2742351717,360
2742354328,365
2742356883,370
2742359449,375
2742362112,380
2742364723,385
2742367279,390
2742369851,395
2742372375,400
2742374940,405
2742377453,410
2742379931,415
2742382507,420
2742385025,425
2742387492,430
2742390013,435
2742392543,440
2742395020,445
2742397489,450
2742399920,455
2742402537,460
2742405015,465
2742407527,470
2742409913,475
2742412492,480
2742414921,485
2742417387,490
2742419731,495
2742422261,500
2742424692,505
2742427159,510
2742429551,515
2742432032,520
2742434374,525
2742436844,530
2742439185,535
2742441671,540
2742444056,545
2742446436,550
2742448733,555
2742451220,560
2742453561,565
2742455985,570
2742458371,575
2742460768,580
2742463111,585
2742465444,590
2742467786,595
2742470229,600
2742472527,605
2742474860,610
2742477157,615
2742479597,620
2742481942,625
2742484230,630
2742486527,635
2742488878,640
2742491222,645
2742493512,650
2742495809,655
2742498205,660
2742500548,665
2742502881,670
2742505313,675
2742507492,680
2742509516,685
2742511806,690
2742514105,695
2742516455,700
2742518754,705
2742520910,710
2742523117,715
2742525380,720
2742527679,725
2742529879,730
2742532131,735
2742534395,740
2742536694,745
2742538892,750
2742541145,755
2742543364,760
2742545616,765
2742547816,770
2742550025,775
2742552286,780
2742554495,785
2742556697,790
2742558904,795
2742561166,800
2742563374,805
2742565575,810
2742567738,815
2742570045,820
2742572298,825
2742574499,830
2742576662,835
2742578971,840
2742581178,845
2742583423,850
2742585542,855
2742587850,860
2742590059,865
2742592302,870
2742594466,875
2742596772,880
2742598939,885
2742601182,890
2742603346,895
2742605651,900
2742607818,905
2742610061,910
2742612181,915
2742614494,920
2742616697,925
2742618986,930
2742621195,935
2742623456,940
2742625666,945
2742627866,950
2742630075,955
2742632382,960
2742634590,965
2742636791,970
2742638999,975
2742641305,980
2742643560,985
2742645760,990
2742647968,995
2742650231,1000
2742652483,1005
2742654683,1010
2742656936,1015
2742659244,1020
2742661543,1025
2742663832,1030
2742666173,1035
2742668305,1040
2742670290,1045
2742672531,1050
2742674784,1055
2742677092,1060
2742679346,1065
2742681499,1070
2742683666,1075
2742685927,1080
2742688180,1085
2742690337,1090
2742692543,1095
2742694806,1100
2742697103,1105
2742699302,1110
2742701556,1115
2742703774,1120
2742706027,1125
2742708227,1130
2742710435,1135
2742712697,1140
2742714950,1145
2742717150,1150
2742719405,1155
2742721711,1160
2742723919,1165
2742726165,1170
2742728373,1175
2742730725,1180
2742733022,1185
2742735266,1190
2742737520,1195
2742739871,1200
2742742124,1205
2742744415,1210
2742746622,1215
2742749018,1220
2742751271,1225
2742753606,1230
2742755814,1235
2742758210,1240
2742760463,1245
2742762754,1250
2742765051,1255
2742767403,1260
2742769702,1265
2742771989,1270
2742774242,1275
2742776638,1280
2742778936,1285
2742781315,1290
2742783613,1295
2742786008,1300
2742788307,1305
2742790598,1310
2742792895,1315
2742795337,1320
2742797634,1325
2742799968,1330
2742802266,1335
2742804707,1340
2742807048,1345
2742809384,1350
2742811682,1355
2742814076,1360
2742816465,1365
2742818798,1370
2742821142,1375
2742823583,1380
2742825970,1385
2742828393,1390
2742830869,1395
2742833087,1400
2742835207,1405
2742837585,1410
2742839971,1415
2742842411,1420
2742844755,1425
2742847043,1430
2742849342,1435
2742851738,1440
2742854125,1445
2742856414,1450
2742858757,1455
2742861154,1460
2742863587,1465
2742865921,1470
2742868306,1475
2742870657,1480
2742873001,1485
2742875334,1490
2742877676,1495
2742880116,1500
2742882461,1505
2742884793,1510
2742887181,1515
2742889621,1520
2742891965,1525
2742894342,1530
2742896639,1535
2742899173,1540
2742901558,1545
2742903981,1550
2742906278,1555
2742908808,1560
2742911196,1565
2742913573,1570
2742915917,1575
2742918446,1580
2742920832,1585
2742923300,1590
2742925644,1595
2742928127,1600
2742930515,1605
2742932982,1610
2742935370,1615
2742937854,1620
2742940286,1625
2742942709,1630
2742945096,1635
2742947583,1640
2742950015,1645
2742952528,1650
2742955002,1655
2742957489,1660
2742959920,1665
2742962387,1670
2742964821,1675
2742967394,1680
2742969826,1685
2742972293,1690
2742974725,1695
2742977299,1700
2742979821,1705
2742982289,1710
2742984720,1715
2742987251,1720
2742989771,1725
2742992238,1730
2742994759,1735
2742997334,1740
2742999902,1745
2743002457,1750
2743005112,1755
2743007508,1760
2743009717,1765
2743012276,1770
2743014840,1775
2743017414,1780
2743019936,1785
2743022358,1790
2743024836,1795
2743027409,1800
2743029931,1805
2743032399,1810
2743034919,1815
2743037494,1820
2743040104,1825
2743042617,1830
2743045183,1835
2743047668,1840
2743050278,1845
2743052790,1850
2743055311,1855
2743057931,1860
2743060452,1865
2743063008,1870
2743065574,1875
2743068237,1880
2743070759,1885
2743073359,1890
2743075926,1895
2743078634,1900
2743081245,1905
2743083890,1910
2743086456,1915
2743089209,1920
2743091819,1925
2743094466,1930
2743097076,1935
2743099829,1940
2743102489,1945
2743105220,1950
2743107831,1955
2743110584,1960
2743113239,1965
2743115975,1970
2743118675,1975
2743121472,1980
2743124171,1985
2743126907,1990
2743129607,1995
2743132450,2000
2743135194,2005
2743138063,2010
2743140851,2015
2743143738,2020
2743146526,2025
2743149307,2030
2743152140,2035
2743155072,2040
2743157905,2045
2743160775,2050
2743163609,2055
2743166584,2060
2743169507,2065
2743172376,2070
2743175254,2075
2743178229,2080
2743181198,2085
2743184112,2090
2743187079,2095
2743190145,2100
2743193201,2105
2743196248,2110
2743199483,2115
2743202325,2120
2743204980,2125
2743208073,2130
2743211174,2135
2743214283,2140
2743217429,2145
2743220390,2150
2743223449,2155
2743226598,2160
2743229744,2165
2743232835,2170
2743235983,2175
2743239227,2180
2743242504,2185
2743245642,2190
2743248876,2195
2743252120,2200
2743255398,2205
2743258624,2210
2743261905,2215
2743265281,2220
2743268605,2225
2743271966,2230
2743275335,2235
2743278846,2240
2743282260,2245
2743285755,2250
2743289167,2255
2743292858,2260
2743296450,2265
2743300079,2270
2743303670,2275
2743307449,2280
2743311174,2285
2743314936,2290
2743318662,2295
2743322618,2300
2743326479,2305
2743330463,2310
2743334323,2315
2743338459,2320
2743342452,2325
2743346662,2330
2743350788,2335
2743355147,2340
2743359408,2345
2743363795,2350
2743368057,2355
2743372726,2360
2743377300,2365
2743382090,2370
2743386885,2375
2743391868,2380
2743396756,2385
2743401811,2390
2743406965,2395
2743412483,2400
2743417862,2405
2743423453,2410
2743429143,2415
2743435242,2420
2743441421,2425
2743447684,2430
2743454129,2435
2743461077,2440
2743468283,2445
2743475749,2450
2743483626,2455
2743492311,2460
2743501659,2465
2743511713,2470
2743523338,2475
2743535103,2480
2743547932,2485
2743566821,2490
2743606108,2495
2743668113,2490
2743690752,2485
2743706077,2480
2743719537,2475
2743732857,2470
2743744607,2465
2743756008,2460
2743766212,2455
2743775871,2450
2743784677,2445
2743793494,2440
2743801641,2435
2743809560,2430
2743816937,2425
2743824500,2420
2743831670,2415
2743838608,2410
2743845184,2405
2743851853,2400
2743858310,2395
2743864623,2390
2743870572,2385
2743876573,2380
2743882449,2375
2743888317,2370
2743893908,2365
2743899507,2360
2743904940,2355
2743910182,2350
2743915282,2345
2743920436,2340
2743925509,2335
2743930483,2330
2743935318,2325
2743940159,2320
2743944920,2315
2743949582,2310
2743954147,2305
2743958810,2300
2743963349,2295
2743967787,2290
2743972084,2285
2743976479,2280
2743980839,2275
2743985054,2270
2743989173,2265
2743993435,2260
2743997615,2255
2744001653,2250
2744005594,2245
2744009589,2240
2744013500,2235
2744017448,2230
2744021167,2225
2744025072,2220
2744028807,2215
2744032620,2210
2744036205,2205
2744039976,2200
2744043530,2195
2744047211,2190
2744050706,2185
2744054432,2180
2744057942,2175
2744061534,2170
2744064850,2165
2744068442,2160
2744071863,2155
2744075277,2150
2744078505,2145
2744081961,2140
2744085340,2135
2744088842,2130
2744092336,2125
2744095303,2120
2744098280,2115
2744101647,2110
2744104831,2105
2744108247,2100
2744111488,2095
2744114720,2090
2744117768,2085
2744121004,2080
2744124112,2075
2744127257,2070
2744130216,2065
2744133407,2060
2744136473,2055
2744139527,2050
2744142490,2045
2744145497,2040
2744148562,2035
2744151529,2030
2744154443,2025
2744157367,2020
2744160342,2015
2744163311,2010
2744166223,2005
2744169145,2000
2744172033,1995
2744174867,1990
2744177645,1985
2744180525,1980
2744183365,1975
2744186201,1970
2744188934,1965
2744191768,1960
2744194520,1955
2744197264,1950
2744200000,1945
2744202791,1940
2744205542,1935
2744208243,1930
2744210889,1925
2744213634,1920
2744216342,1915
2744218996,1910
2744221597,1905
2744224345,1900
2744227050,1895
2744229660,1890
2744232217,1885
2744234830,1880
2744237402,1875
2744240057,1870
2744242526,1865
2744245135,1860
2744247712,1855
2744250276,1850
2744252743,1845
2744255355,1840
2744257795,1835
2744260405,1830
2744262828,1825
2744265443,1820
2744267924,1815
2744270495,1810
2744272868,1805
2744275433,1800
2744277875,1795
2744280349,1790
2744282686,1785
2744285252,1780
2744287735,1775
2744290300,1770
2744292860,1765
2744295066,1760
2744297328,1755
2744299806,1750
2744302228,1745
2744304750,1740
2744307234,1735
2744309669,1730
2744312046,1725
2744314522,1720
2744316873,1715
2744319305,1710
2744321593,1705
2744324070,1700
2744326466,1695
2744328854,1690
2744331143,1685
2744333530,1680
2744335883,1675
2744338268,1670
2744340558,1665
2744342900,1660
2744345207,1655
2744347593,1650
2744349929,1645
2744352270,1640
2744354577,1635
2744356874,1630
2744359119,1625
2744361418,1620
2744363725,1615
2744366021,1610
2744368268,1605
2744370519,1600
2744372828,1595
2744375035,1590
2744377281,1585
2744379578,1580
2744381839,1575
2744384048,1570
2744386249,1565
2744388503,1560
2744390763,1555
2744392973,1550
2744395128,1545
2744397381,1540
2744399646,1535
2744401852,1530
2744403963,1525
2744406173,1520
2744408345,1515
2744410553,1510
2744412666,1505
2744414872,1500
2744417045,1495
2744419208,1490
2744421275,1485
2744423484,1480
2744425613,1475
2744427776,1470
2744429843,1465
2744432097,1460
2744434225,1455
2744436388,1450
2744438410,1445
2744440620,1440
2744442748,1435
2744444867,1430
2744446887,1425
2744449052,1420
2744451181,1415
2744453434,1410
2744455633,1405
2744457574,1400
2744459479,1395
2744461645,1390
2744463754,1385
2744465963,1380
2744468091,1375
2744470255,1370
2744472276,1365
2744474440,1360
2744476569,1355
2744478643,1350
2744480665,1345
2744482829,1340
2744484959,1335
2744487034,1330
2744489056,1325
2744491174,1320
2744493258,1315
2744495376,1310
2744497353,1305
2744499431,1300
2744501511,1295
2744503632,1290
2744505652,1285
2744507772,1280
2744509856,1275
2744511887,1270
2744513863,1265
2744515938,1260
2744517976,1255
2744520051,1250
2744522027,1245
2744524103,1240
2744526141,1235
2744528173,1230
2744530148,1225
2744532223,1220
2744534262,1215
2744536294,1210
2744538270,1205
2744540300,1200
2744542384,1195
2744544368,1190
2744546345,1185
2744548420,1180
2744550505,1175
2744552491,1170
2744554421,1165
2744556453,1160
2744558445,1155
2744560475,1150
2744562408,1145
2744564481,1140
2744566433,1135
2744568463,1130
2744570395,1125
2744572425,1120
2744574377,1115
2744578338,1105
2744580413,1100
2744582406,1095
2744584438,1090
2744586371,1085
2744588443,1080
2744590395,1075
2744592423,1070
2744594312,1065
2744596386,1060
2744598382,1055
2744600499,1050
2744602611,1045
2744604462,1040
2744606279,1035
2744608354,1030
2744610375,1025
2744612494,1020
2744614579,1015
2744616609,1010
2744618632,1005
2744620707,1000
2744622744,995
2744624774,990
2744626797,985
2744628916,980
2744630957,975
2744633030,970
2744635007,965
2744637082,960
2744639210,955
2744641285,950
2744643262,945
2744645383,940
2744647421,935
2744649540,930
2744651652,925
2744653728,920
2744655854,915
2744657885,910
2744659950,905
2744662072,900
2744664154,895
2744666274,890
2744668340,885
2744670460,880
2744672543,875
2744674662,870
2744676730,865
2744678893,860
2744681021,855
2744683143,850
2744685208,845
2744687372,840
2744689501,835
2744691619,830
2744693687,825
2744695895,820
2744698068,815
2744700187,810
2744702254,805
2744704417,800
2744706545,795
2744708711,790
2744710775,785
2744712941,780
2744715069,775
2744717232,770
2744719299,765
2744721508,760
2744723592,755
2744725801,750
2744727867,745
2744730120,740
2744732249,735
2744734457,730
2744736524,725
2744738735,720
2744740905,715
2744743069,710
2744745091,705
2744747345,700
2744749562,695
2744751815,690
2744754105,685
2744756091,680
2744758131,675
2744760341,670
2744762539,665
2744764837,660
2744767055,655
2744769307,650
2744771463,645
2744773716,640
2744775934,635
2744778143,630
2744780300,625
2744782552,620
2744784814,615
2744787024,610
2744789178,605
2744791387,600
2744793650,595
2744795903,590
2744798014,585
2744800269,580
2744802489,575
2744804739,570
2744806983,565
2744809236,560
2744811456,555
2744813663,550
2744815820,545
2744818072,540
2744820335,535
2744822543,530
2744824744,525
2744826997,520
2744829215,515
2744831423,510
2744833668,505
2744835922,500
2744838184,495
2744840391,490
2744842593,485
2744844846,480
2744847152,475
2744849361,470
2744851562,465
2744853860,460
2744856167,455
2744858419,450
2744860575,445
2744862874,440
2744865090,435
2744867388,430
2744869544,425
2744871842,420
2744874106,415
2744876357,410
2744878515,405
2744880856,400
2744883029,395
2744885371,390
2744887527,385
2744889915,380
2744892176,375
2744894473,370
2744896630,365
2744899018,360
2744901236,355
2744903532,350
2744905688,345
2744908075,340
2744910381,335
2744912770,330
2744915192,325
2744917267,320
2744919395,315
2744921782,310
2744924074,305
2744926504,300
2744928856,295
2744931198,290
2744933492,285
2744935876,280
2744938181,275
2744940569,270
2744942814,265
2744945247,260
2744947602,255
2744949939,250
2744952228,245
2744954616,240
2744956967,235
2744959354,230
2744961644,225
2744964031,220
2744966384,215
2744968814,210
2744971194,205
2744973580,200
2744975979,195
2744978319,190
2744980655,185
2744983087,180
2744985484,175
2744987868,170
2744990249,165
2744992636,160
2744995077,155
2744997463,150
2744999842,145
2745002275,140
2745004715,135
2745007149,130
2745009526,125
2745011958,120
2745014444,115
2745016830,110
2745019254,105
2745021731,100
2745024261,95
2745026692,90
2745029071,85
2745031548,80
2745034033,75
2745036509,70
2745038932,65
2745041411,60
2745043894,55
2745046415,50
2745048794,45
2745051404,40
2745053800,35
2745056367,30
2745058789,25
2745061447,20
2745063974,15
2745066540,10
2745068964,5
2745071618,0
2745074149,-5
2745076759,-10
2745079181,-15
2745081882,-20
2745084499,-25
2745087198,-30
2745089979,-35
2745092367,-40
2745094807,-45
2745097507,-50
2745100152,-55
2745102985,-60
2745105694,-65
2745108440,-70
2745111085,-75
2745113876,-80
2745116627,-85
2745119371,-90
2745122017,-95
2745124897,-100
2745127693,-105
2745130481,-110
2745133218,-115
2745136050,-120
2745138939,-125
2745141814,-130
2745144597,-135
2745147474,-140
2745150362,-145
2745153327,-150
2745156286,-155
2745159252,-160
2745162228,-165
2745165197,-170
2745168109,-175
2745171167,-180
2745174188,-185
2745177287,-190
2745180336,-195
2745183436,-200
2745186547,-205
2745189646,-210
2745192784,-215
2745196019,-220
2745199262,-225
2745202453,-230
2745205680,-235
2745208960,-240
2745212336,-245
2745215615,-250
2745218931,-255
2745222388,-260
2745225855,-265
2745229268,-270
2745232673,-275
2745236175,-280
2745239687,-285
2745243279,-290
2745246774,-295
2745250454,-300
2745254056,-305
2745257780,-310
2745261410,-315
2745265268,-320
2745268913,-325
2745272861,-330
2745276623,-335
2745280751,-340
2745284709,-345
2745288792,-350
2745292686,-355
2745296992,-360
2745301130,-365
2745305389,-370
2745309464,-375
2745313993,-380
2745318488,-385
2745323239,-390
2745328071,-395
2745332379,-400
2745336692,-405
2745341667,-410
2745346591,-415
2745351922,-420
2745357128,-425
2745362504,-430
2745367785,-435
2745373475,-440
2745379127,-445
2745384951,-450
2745390764,-455
2745397167,-460
2745403581,-465
2745410205,-470
2745416911,-475
2745424118,-480
2745431691,-485
2745439654,-490
2745447834,-495
2745456871,-500
2745466673,-505
2745477716,-510
2745490091,-515
2745504928,-520
2745524055,-525
2745559726,-530